country_name,country_iso3,year,indicator_name,indicator_code,value
Nepal,NPL,1960,Rural population (% of total population),SP.RUR.TOTL.ZS,96.520000
Nepal,NPL,1961,Agricultural land (% of land area),AG.LND.AGRI.ZS,24.846154
Nepal,NPL,1961,Agricultural land (sq. km),AG.LND.AGRI.K2,35530.000000
Nepal,NPL,1961,Arable land (% of land area),AG.LND.ARBL.ZS,12.629371
Nepal,NPL,1961,Arable land (hectares per person),AG.LND.ARBL.HA.PC,0.175027
Nepal,NPL,1961,Average precipitation in depth (mm per year),AG.LND.PRCP.MM,1500.000000
Nepal,NPL,1961,Cereal yield (kg per hectare),AG.YLD.CREL.KG,1846.600000
Nepal,NPL,1961,Crop production index (2014-2016 = 100),AG.PRD.CROP.XD,20.080000
Nepal,NPL,1961,Fertilizer consumption (kilograms per hectare of arable land),AG.CON.FERT.ZS,0.082503
Nepal,NPL,1961,Food production index (2014-2016 = 100),AG.PRD.FOOD.XD,21.050000
Nepal,NPL,1961,Land area (sq. km),AG.LND.TOTL.K2,143000.000000
Nepal,NPL,1961,Livestock production index (2014-2016 = 100),AG.PRD.LVSK.XD,25.510000
Nepal,NPL,1961,Permanent cropland (% of land area),AG.LND.CROP.ZS,0.174825
Nepal,NPL,1961,Rural population (% of total population),SP.RUR.TOTL.ZS,96.429000
Nepal,NPL,1961,Rural population growth (annual %),SP.RUR.TOTL.ZG,1.810997
Nepal,NPL,1961,Surface area (sq. km),AG.SRF.TOTL.K2,147180.000000
Nepal,NPL,1962,Agricultural land (% of land area),AG.LND.AGRI.ZS,24.846154
Nepal,NPL,1962,Agricultural land (sq. km),AG.LND.AGRI.K2,35530.000000
Nepal,NPL,1962,Arable land (% of land area),AG.LND.ARBL.ZS,12.629371
Nepal,NPL,1962,Arable land (hectares per person),AG.LND.ARBL.HA.PC,0.171655
Nepal,NPL,1962,Average precipitation in depth (mm per year),AG.LND.PRCP.MM,1500.000000
Nepal,NPL,1962,Cereal yield (kg per hectare),AG.YLD.CREL.KG,1842.300000
Nepal,NPL,1962,Crop production index (2014-2016 = 100),AG.PRD.CROP.XD,20.190000
Nepal,NPL,1962,Fertilizer consumption (kilograms per hectare of arable land),AG.CON.FERT.ZS,0.238649
Nepal,NPL,1962,Food production index (2014-2016 = 100),AG.PRD.FOOD.XD,21.280000
Nepal,NPL,1962,Land area (sq. km),AG.LND.TOTL.K2,143000.000000
Nepal,NPL,1962,Livestock production index (2014-2016 = 100),AG.PRD.LVSK.XD,26.170000
Nepal,NPL,1962,Permanent cropland (% of land area),AG.LND.CROP.ZS,0.174825
Nepal,NPL,1962,Rural population (% of total population),SP.RUR.TOTL.ZS,96.388000
Nepal,NPL,1962,Rural population growth (annual %),SP.RUR.TOTL.ZG,1.903067
Nepal,NPL,1962,Surface area (sq. km),AG.SRF.TOTL.K2,147180.000000
Nepal,NPL,1963,Agricultural land (% of land area),AG.LND.AGRI.ZS,24.916084
Nepal,NPL,1963,Agricultural land (sq. km),AG.LND.AGRI.K2,35630.000000
Nepal,NPL,1963,Arable land (% of land area),AG.LND.ARBL.ZS,12.699301
Nepal,NPL,1963,Arable land (hectares per person),AG.LND.ARBL.HA.PC,0.169248
Nepal,NPL,1963,Average precipitation in depth (mm per year),AG.LND.PRCP.MM,1500.000000
Nepal,NPL,1963,Cereal yield (kg per hectare),AG.YLD.CREL.KG,1843.900000
Nepal,NPL,1963,Crop production index (2014-2016 = 100),AG.PRD.CROP.XD,20.510000
Nepal,NPL,1963,Fertilizer consumption (kilograms per hectare of arable land),AG.CON.FERT.ZS,0.347467
Nepal,NPL,1963,Food production index (2014-2016 = 100),AG.PRD.FOOD.XD,21.680000
Nepal,NPL,1963,Land area (sq. km),AG.LND.TOTL.K2,143000.000000
Nepal,NPL,1963,Livestock production index (2014-2016 = 100),AG.PRD.LVSK.XD,26.920000
Nepal,NPL,1963,Permanent cropland (% of land area),AG.LND.CROP.ZS,0.174825
Nepal,NPL,1963,Rural population (% of total population),SP.RUR.TOTL.ZS,96.347000
Nepal,NPL,1963,Rural population growth (annual %),SP.RUR.TOTL.ZG,1.921691
Nepal,NPL,1963,Surface area (sq. km),AG.SRF.TOTL.K2,147180.000000
Nepal,NPL,1964,Agricultural land (% of land area),AG.LND.AGRI.ZS,24.846154
Nepal,NPL,1964,Agricultural land (sq. km),AG.LND.AGRI.K2,35530.000000
Nepal,NPL,1964,Arable land (% of land area),AG.LND.ARBL.ZS,12.629371
Nepal,NPL,1964,Arable land (hectares per person),AG.LND.ARBL.HA.PC,0.164986
Nepal,NPL,1964,Average precipitation in depth (mm per year),AG.LND.PRCP.MM,1500.000000
Nepal,NPL,1964,Cereal yield (kg per hectare),AG.YLD.CREL.KG,1883.200000
Nepal,NPL,1964,Crop production index (2014-2016 = 100),AG.PRD.CROP.XD,20.830000
Nepal,NPL,1964,Fertilizer consumption (kilograms per hectare of arable land),AG.CON.FERT.ZS,0.565891
Nepal,NPL,1964,Food production index (2014-2016 = 100),AG.PRD.FOOD.XD,22.030000
Nepal,NPL,1964,Land area (sq. km),AG.LND.TOTL.K2,143000.000000
Nepal,NPL,1964,Livestock production index (2014-2016 = 100),AG.PRD.LVSK.XD,27.340000
Nepal,NPL,1964,Permanent cropland (% of land area),AG.LND.CROP.ZS,0.174825
Nepal,NPL,1964,Rural population (% of total population),SP.RUR.TOTL.ZS,96.305000
Nepal,NPL,1964,Rural population growth (annual %),SP.RUR.TOTL.ZG,1.954728
Nepal,NPL,1964,Surface area (sq. km),AG.SRF.TOTL.K2,147180.000000
Nepal,NPL,1965,Agricultural land (% of land area),AG.LND.AGRI.ZS,24.846154
Nepal,NPL,1965,Agricultural land (sq. km),AG.LND.AGRI.K2,35530.000000
Nepal,NPL,1965,"Agriculture, forestry, and fishing, value added (% of GDP)",NV.AGR.TOTL.ZS,64.584076
Nepal,NPL,1965,Arable land (% of land area),AG.LND.ARBL.ZS,12.629371
Nepal,NPL,1965,Arable land (hectares per person),AG.LND.ARBL.HA.PC,0.161634
Nepal,NPL,1965,Average precipitation in depth (mm per year),AG.LND.PRCP.MM,1500.000000
Nepal,NPL,1965,Cereal yield (kg per hectare),AG.YLD.CREL.KG,1867.300000
Nepal,NPL,1965,Crop production index (2014-2016 = 100),AG.PRD.CROP.XD,21.630000
Nepal,NPL,1965,Fertilizer consumption (kilograms per hectare of arable land),AG.CON.FERT.ZS,0.614064
Nepal,NPL,1965,Food production index (2014-2016 = 100),AG.PRD.FOOD.XD,22.650000
Nepal,NPL,1965,Land area (sq. km),AG.LND.TOTL.K2,143000.000000
Nepal,NPL,1965,Livestock production index (2014-2016 = 100),AG.PRD.LVSK.XD,27.880000
Nepal,NPL,1965,Permanent cropland (% of land area),AG.LND.CROP.ZS,0.174825
Nepal,NPL,1965,Rural population (% of total population),SP.RUR.TOTL.ZS,96.263000
Nepal,NPL,1965,Rural population growth (annual %),SP.RUR.TOTL.ZG,2.009084
Nepal,NPL,1965,Surface area (sq. km),AG.SRF.TOTL.K2,147180.000000
Nepal,NPL,1966,Agricultural land (% of land area),AG.LND.AGRI.ZS,24.846154
Nepal,NPL,1966,Agricultural land (sq. km),AG.LND.AGRI.K2,35530.000000
Nepal,NPL,1966,"Agriculture, forestry, and fishing, value added (% of GDP)",NV.AGR.TOTL.ZS,68.693006
Nepal,NPL,1966,Arable land (% of land area),AG.LND.ARBL.ZS,12.629371
Nepal,NPL,1966,Arable land (hectares per person),AG.LND.ARBL.HA.PC,0.158300
Nepal,NPL,1966,Average precipitation in depth (mm per year),AG.LND.PRCP.MM,1500.000000
Nepal,NPL,1966,Cereal yield (kg per hectare),AG.YLD.CREL.KG,1742.000000
Nepal,NPL,1966,Crop production index (2014-2016 = 100),AG.PRD.CROP.XD,20.390000
Nepal,NPL,1966,Fertilizer consumption (kilograms per hectare of arable land),AG.CON.FERT.ZS,1.882614
Nepal,NPL,1966,Food production index (2014-2016 = 100),AG.PRD.FOOD.XD,21.780000
Nepal,NPL,1966,Land area (sq. km),AG.LND.TOTL.K2,143000.000000
Nepal,NPL,1966,Livestock production index (2014-2016 = 100),AG.PRD.LVSK.XD,28.200000
Nepal,NPL,1966,Permanent cropland (% of land area),AG.LND.CROP.ZS,0.174825
Nepal,NPL,1966,Rural population (% of total population),SP.RUR.TOTL.ZS,96.220000
Nepal,NPL,1966,Rural population growth (annual %),SP.RUR.TOTL.ZG,2.039336
Nepal,NPL,1966,Surface area (sq. km),AG.SRF.TOTL.K2,147180.000000
Nepal,NPL,1967,Agricultural land (% of land area),AG.LND.AGRI.ZS,24.944056
Nepal,NPL,1967,Agricultural land (sq. km),AG.LND.AGRI.K2,35670.000000
Nepal,NPL,1967,"Agriculture, forestry, and fishing, value added (% of GDP)",NV.AGR.TOTL.ZS,66.235383
Nepal,NPL,1967,Arable land (% of land area),AG.LND.ARBL.ZS,12.720280
Nepal,NPL,1967,Arable land (hectares per person),AG.LND.ARBL.HA.PC,0.156101
Nepal,NPL,1967,Average precipitation in depth (mm per year),AG.LND.PRCP.MM,1500.000000
Nepal,NPL,1967,Cereal yield (kg per hectare),AG.YLD.CREL.KG,1738.200000
Nepal,NPL,1967,Crop production index (2014-2016 = 100),AG.PRD.CROP.XD,20.920000
Nepal,NPL,1967,Fertilizer consumption (kilograms per hectare of arable land),AG.CON.FERT.ZS,1.456844
Nepal,NPL,1967,Food production index (2014-2016 = 100),AG.PRD.FOOD.XD,22.480000
Nepal,NPL,1967,Land area (sq. km),AG.LND.TOTL.K2,143000.000000
Nepal,NPL,1967,Livestock production index (2014-2016 = 100),AG.PRD.LVSK.XD,29.070000
Nepal,NPL,1967,Permanent cropland (% of land area),AG.LND.CROP.ZS,0.181818
Nepal,NPL,1967,Rural population (% of total population),SP.RUR.TOTL.ZS,96.177000
Nepal,NPL,1967,Rural population growth (annual %),SP.RUR.TOTL.ZG,2.071520
Nepal,NPL,1967,Surface area (sq. km),AG.SRF.TOTL.K2,147180.000000
Nepal,NPL,1968,Agricultural land (% of land area),AG.LND.AGRI.ZS,24.944056
Nepal,NPL,1968,Agricultural land (sq. km),AG.LND.AGRI.K2,35670.000000
Nepal,NPL,1968,"Agriculture, forestry, and fishing, value added (% of GDP)",NV.AGR.TOTL.ZS,67.391604
Nepal,NPL,1968,Arable land (% of land area),AG.LND.ARBL.ZS,12.720280
Nepal,NPL,1968,Arable land (hectares per person),AG.LND.ARBL.HA.PC,0.152777
Nepal,NPL,1968,Average precipitation in depth (mm per year),AG.LND.PRCP.MM,1500.000000
Nepal,NPL,1968,Cereal yield (kg per hectare),AG.YLD.CREL.KG,1724.000000
Nepal,NPL,1968,Crop production index (2014-2016 = 100),AG.PRD.CROP.XD,21.540000
Nepal,NPL,1968,Fertilizer consumption (kilograms per hectare of arable land),AG.CON.FERT.ZS,1.687191
Nepal,NPL,1968,Food production index (2014-2016 = 100),AG.PRD.FOOD.XD,23.080000
Nepal,NPL,1968,Land area (sq. km),AG.LND.TOTL.K2,143000.000000
Nepal,NPL,1968,Livestock production index (2014-2016 = 100),AG.PRD.LVSK.XD,29.890000
Nepal,NPL,1968,Permanent cropland (% of land area),AG.LND.CROP.ZS,0.181818
Nepal,NPL,1968,Rural population (% of total population),SP.RUR.TOTL.ZS,96.133000
Nepal,NPL,1968,Rural population growth (annual %),SP.RUR.TOTL.ZG,2.106793
Nepal,NPL,1968,Surface area (sq. km),AG.SRF.TOTL.K2,147180.000000
Nepal,NPL,1969,Agricultural land (% of land area),AG.LND.AGRI.ZS,24.944056
Nepal,NPL,1969,Agricultural land (sq. km),AG.LND.AGRI.K2,35670.000000
Nepal,NPL,1969,"Agriculture, forestry, and fishing, value added (% of GDP)",NV.AGR.TOTL.ZS,66.424547
Nepal,NPL,1969,Arable land (% of land area),AG.LND.ARBL.ZS,12.720280
Nepal,NPL,1969,Arable land (hectares per person),AG.LND.ARBL.HA.PC,0.149502
Nepal,NPL,1969,Average precipitation in depth (mm per year),AG.LND.PRCP.MM,1500.000000
Nepal,NPL,1969,Cereal yield (kg per hectare),AG.YLD.CREL.KG,1750.900000
Nepal,NPL,1969,Crop production index (2014-2016 = 100),AG.PRD.CROP.XD,22.290000
Nepal,NPL,1969,Fertilizer consumption (kilograms per hectare of arable land),AG.CON.FERT.ZS,2.476636
Nepal,NPL,1969,Food production index (2014-2016 = 100),AG.PRD.FOOD.XD,23.870000
Nepal,NPL,1969,Land area (sq. km),AG.LND.TOTL.K2,143000.000000
Nepal,NPL,1969,Livestock production index (2014-2016 = 100),AG.PRD.LVSK.XD,30.750000
Nepal,NPL,1969,Permanent cropland (% of land area),AG.LND.CROP.ZS,0.181818
Nepal,NPL,1969,Rural population (% of total population),SP.RUR.TOTL.ZS,96.089000
Nepal,NPL,1969,Rural population growth (annual %),SP.RUR.TOTL.ZG,2.120766
Nepal,NPL,1969,Surface area (sq. km),AG.SRF.TOTL.K2,147180.000000
Nepal,NPL,1970,Agricultural land (% of land area),AG.LND.AGRI.ZS,25.888112
Nepal,NPL,1970,Agricultural land (sq. km),AG.LND.AGRI.K2,37020.000000
Nepal,NPL,1970,"Agriculture, forestry, and fishing, value added (% of GDP)",NV.AGR.TOTL.ZS,66.868158
Nepal,NPL,1970,Arable land (% of land area),AG.LND.ARBL.ZS,13.657343
Nepal,NPL,1970,Arable land (hectares per person),AG.LND.ARBL.HA.PC,0.157042
Nepal,NPL,1970,Average precipitation in depth (mm per year),AG.LND.PRCP.MM,1500.000000
Nepal,NPL,1970,Cereal yield (kg per hectare),AG.YLD.CREL.KG,1782.500000
Nepal,NPL,1970,Crop production index (2014-2016 = 100),AG.PRD.CROP.XD,23.150000
Nepal,NPL,1970,Fertilizer consumption (kilograms per hectare of arable land),AG.CON.FERT.ZS,2.743984
Nepal,NPL,1970,Food production index (2014-2016 = 100),AG.PRD.FOOD.XD,24.620000
Nepal,NPL,1970,Land area (sq. km),AG.LND.TOTL.K2,143000.000000
Nepal,NPL,1970,Livestock production index (2014-2016 = 100),AG.PRD.LVSK.XD,31.290000
Nepal,NPL,1970,Permanent cropland (% of land area),AG.LND.CROP.ZS,0.188811
Nepal,NPL,1970,Rural population (% of total population),SP.RUR.TOTL.ZS,96.044000
Nepal,NPL,1970,Rural population growth (annual %),SP.RUR.TOTL.ZG,2.141201
Nepal,NPL,1970,Surface area (sq. km),AG.SRF.TOTL.K2,147180.000000
Nepal,NPL,1971,Agricultural land (% of land area),AG.LND.AGRI.ZS,25.888112
Nepal,NPL,1971,Agricultural land (sq. km),AG.LND.AGRI.K2,37020.000000
Nepal,NPL,1971,"Agriculture, forestry, and fishing, value added (% of GDP)",NV.AGR.TOTL.ZS,66.838217
Nepal,NPL,1971,Arable land (% of land area),AG.LND.ARBL.ZS,13.657343
Nepal,NPL,1971,Arable land (hectares per person),AG.LND.ARBL.HA.PC,0.153658
Nepal,NPL,1971,Average precipitation in depth (mm per year),AG.LND.PRCP.MM,1500.000000
Nepal,NPL,1971,Cereal yield (kg per hectare),AG.YLD.CREL.KG,1716.900000
Nepal,NPL,1971,Crop production index (2014-2016 = 100),AG.PRD.CROP.XD,23.100000
Nepal,NPL,1971,Fertilizer consumption (kilograms per hectare of arable land),AG.CON.FERT.ZS,4.079877
Nepal,NPL,1971,Food production index (2014-2016 = 100),AG.PRD.FOOD.XD,24.810000
Nepal,NPL,1971,Land area (sq. km),AG.LND.TOTL.K2,143000.000000
Nepal,NPL,1971,Livestock production index (2014-2016 = 100),AG.PRD.LVSK.XD,32.370000
Nepal,NPL,1971,Permanent cropland (% of land area),AG.LND.CROP.ZS,0.188811
Nepal,NPL,1971,Rural population (% of total population),SP.RUR.TOTL.ZS,95.995000
Nepal,NPL,1971,Rural population growth (annual %),SP.RUR.TOTL.ZG,2.127282
Nepal,NPL,1971,Surface area (sq. km),AG.SRF.TOTL.K2,147180.000000
Nepal,NPL,1972,Agricultural land (% of land area),AG.LND.AGRI.ZS,26.727273
Nepal,NPL,1972,Agricultural land (sq. km),AG.LND.AGRI.K2,38220.000000
Nepal,NPL,1972,"Agriculture, forestry, and fishing, value added (% of GDP)",NV.AGR.TOTL.ZS,67.846461
Nepal,NPL,1972,Arable land (% of land area),AG.LND.ARBL.ZS,14.370629
Nepal,NPL,1972,Arable land (hectares per person),AG.LND.ARBL.HA.PC,0.158210
Nepal,NPL,1972,Average precipitation in depth (mm per year),AG.LND.PRCP.MM,1500.000000
Nepal,NPL,1972,Cereal yield (kg per hectare),AG.YLD.CREL.KG,1630.100000
Nepal,NPL,1972,Crop production index (2014-2016 = 100),AG.PRD.CROP.XD,21.680000
Nepal,NPL,1972,Fertilizer consumption (kilograms per hectare of arable land),AG.CON.FERT.ZS,5.165937
Nepal,NPL,1972,Food production index (2014-2016 = 100),AG.PRD.FOOD.XD,23.930000
Nepal,NPL,1972,Land area (sq. km),AG.LND.TOTL.K2,143000.000000
Nepal,NPL,1972,Livestock production index (2014-2016 = 100),AG.PRD.LVSK.XD,33.420000
Nepal,NPL,1972,Permanent cropland (% of land area),AG.LND.CROP.ZS,0.188811
Nepal,NPL,1972,Rural population (% of total population),SP.RUR.TOTL.ZS,95.802000
Nepal,NPL,1972,Rural population growth (annual %),SP.RUR.TOTL.ZG,1.970407
Nepal,NPL,1972,Surface area (sq. km),AG.SRF.TOTL.K2,147180.000000
Nepal,NPL,1973,Agricultural land (% of land area),AG.LND.AGRI.ZS,27.643357
Nepal,NPL,1973,Agricultural land (sq. km),AG.LND.AGRI.K2,39530.000000
Nepal,NPL,1973,"Agriculture, forestry, and fishing, value added (% of GDP)",NV.AGR.TOTL.ZS,65.332527
Nepal,NPL,1973,Arable land (% of land area),AG.LND.ARBL.ZS,15.139860
Nepal,NPL,1973,Arable land (hectares per person),AG.LND.ARBL.HA.PC,0.163086
Nepal,NPL,1973,Average precipitation in depth (mm per year),AG.LND.PRCP.MM,1500.000000
Nepal,NPL,1973,Cereal yield (kg per hectare),AG.YLD.CREL.KG,1772.800000
Nepal,NPL,1973,Crop production index (2014-2016 = 100),AG.PRD.CROP.XD,24.410000
Nepal,NPL,1973,Fertilizer consumption (kilograms per hectare of arable land),AG.CON.FERT.ZS,5.715012
Nepal,NPL,1973,Food production index (2014-2016 = 100),AG.PRD.FOOD.XD,26.280000
Nepal,NPL,1973,Land area (sq. km),AG.LND.TOTL.K2,143000.000000
Nepal,NPL,1973,Livestock production index (2014-2016 = 100),AG.PRD.LVSK.XD,34.440000
Nepal,NPL,1973,Permanent cropland (% of land area),AG.LND.CROP.ZS,0.195804
Nepal,NPL,1973,Rural population (% of total population),SP.RUR.TOTL.ZS,95.601000
Nepal,NPL,1973,Rural population growth (annual %),SP.RUR.TOTL.ZG,1.968977
Nepal,NPL,1973,Surface area (sq. km),AG.SRF.TOTL.K2,147180.000000
Nepal,NPL,1974,Agricultural land (% of land area),AG.LND.AGRI.ZS,27.930070
Nepal,NPL,1974,Agricultural land (sq. km),AG.LND.AGRI.K2,39940.000000
Nepal,NPL,1974,Agricultural raw materials exports (% of merchandise exports),TX.VAL.AGRI.ZS.UN,38.321605
Nepal,NPL,1974,"Agriculture, forestry, and fishing, value added (% of GDP)",NV.AGR.TOTL.ZS,68.418177
Nepal,NPL,1974,Arable land (% of land area),AG.LND.ARBL.ZS,15.244755
Nepal,NPL,1974,Arable land (hectares per person),AG.LND.ARBL.HA.PC,0.160667
Nepal,NPL,1974,Average precipitation in depth (mm per year),AG.LND.PRCP.MM,1500.000000
Nepal,NPL,1974,Cereal yield (kg per hectare),AG.YLD.CREL.KG,1767.600000
Nepal,NPL,1974,Crop production index (2014-2016 = 100),AG.PRD.CROP.XD,24.830000
Nepal,NPL,1974,Fertilizer consumption (kilograms per hectare of arable land),AG.CON.FERT.ZS,5.823853
Nepal,NPL,1974,Food production index (2014-2016 = 100),AG.PRD.FOOD.XD,27.050000
Nepal,NPL,1974,Land area (sq. km),AG.LND.TOTL.K2,143000.000000
Nepal,NPL,1974,Livestock production index (2014-2016 = 100),AG.PRD.LVSK.XD,35.630000
Nepal,NPL,1974,Permanent cropland (% of land area),AG.LND.CROP.ZS,0.195804
Nepal,NPL,1974,Rural population (% of total population),SP.RUR.TOTL.ZS,95.390000
Nepal,NPL,1974,Rural population growth (annual %),SP.RUR.TOTL.ZG,1.963605
Nepal,NPL,1974,Surface area (sq. km),AG.SRF.TOTL.K2,147180.000000
Nepal,NPL,1975,Agricultural land (% of land area),AG.LND.AGRI.ZS,28.034965
Nepal,NPL,1975,Agricultural land (sq. km),AG.LND.AGRI.K2,40090.000000
Nepal,NPL,1975,Agricultural raw materials exports (% of merchandise exports),TX.VAL.AGRI.ZS.UN,39.781622
Nepal,NPL,1975,Agricultural raw materials imports (% of merchandise imports),TM.VAL.AGRI.ZS.UN,0.001166
Nepal,NPL,1975,"Agriculture, forestry, and fishing, value added (% of GDP)",NV.AGR.TOTL.ZS,69.006095
Nepal,NPL,1975,Arable land (% of land area),AG.LND.ARBL.ZS,15.349650
Nepal,NPL,1975,Arable land (hectares per person),AG.LND.ARBL.HA.PC,0.158247
Nepal,NPL,1975,Average precipitation in depth (mm per year),AG.LND.PRCP.MM,1500.000000
Nepal,NPL,1975,Cereal yield (kg per hectare),AG.YLD.CREL.KG,1789.600000
Nepal,NPL,1975,Crop production index (2014-2016 = 100),AG.PRD.CROP.XD,25.900000
Nepal,NPL,1975,Fertilizer consumption (kilograms per hectare of arable land),AG.CON.FERT.ZS,5.585421
Nepal,NPL,1975,Food production index (2014-2016 = 100),AG.PRD.FOOD.XD,28.200000
Nepal,NPL,1975,Land area (sq. km),AG.LND.TOTL.K2,143000.000000
Nepal,NPL,1975,Livestock production index (2014-2016 = 100),AG.PRD.LVSK.XD,37.200000
Nepal,NPL,1975,Permanent cropland (% of land area),AG.LND.CROP.ZS,0.195804
Nepal,NPL,1975,Rural population (% of total population),SP.RUR.TOTL.ZS,95.170000
Nepal,NPL,1975,Rural population growth (annual %),SP.RUR.TOTL.ZG,1.972320
Nepal,NPL,1975,Surface area (sq. km),AG.SRF.TOTL.K2,147180.000000
Nepal,NPL,1976,Agricultural land (% of land area),AG.LND.AGRI.ZS,28.146853
Nepal,NPL,1976,Agricultural land (sq. km),AG.LND.AGRI.K2,40250.000000
Nepal,NPL,1976,Agricultural raw materials exports (% of merchandise exports),TX.VAL.AGRI.ZS.UN,37.196145
Nepal,NPL,1976,Agricultural raw materials imports (% of merchandise imports),TM.VAL.AGRI.ZS.UN,0.025296
Nepal,NPL,1976,"Agriculture, forestry, and fishing, value added (% of GDP)",NV.AGR.TOTL.ZS,66.086008
Nepal,NPL,1976,Arable land (% of land area),AG.LND.ARBL.ZS,15.454545
Nepal,NPL,1976,Arable land (hectares per person),AG.LND.ARBL.HA.PC,0.155879
Nepal,NPL,1976,Average precipitation in depth (mm per year),AG.LND.PRCP.MM,1500.000000
Nepal,NPL,1976,Cereal yield (kg per hectare),AG.YLD.CREL.KG,1709.500000
Nepal,NPL,1976,Crop production index (2014-2016 = 100),AG.PRD.CROP.XD,25.070000
Nepal,NPL,1976,Fertilizer consumption (kilograms per hectare of arable land),AG.CON.FERT.ZS,6.731674
Nepal,NPL,1976,Food production index (2014-2016 = 100),AG.PRD.FOOD.XD,27.800000
Nepal,NPL,1976,Land area (sq. km),AG.LND.TOTL.K2,143000.000000
Nepal,NPL,1976,Livestock production index (2014-2016 = 100),AG.PRD.LVSK.XD,38.210000
Nepal,NPL,1976,Permanent cropland (% of land area),AG.LND.CROP.ZS,0.202797
Nepal,NPL,1976,Rural population (% of total population),SP.RUR.TOTL.ZS,94.939000
Nepal,NPL,1976,Rural population growth (annual %),SP.RUR.TOTL.ZG,1.945820
Nepal,NPL,1976,Surface area (sq. km),AG.SRF.TOTL.K2,147180.000000
Nepal,NPL,1977,Agricultural land (% of land area),AG.LND.AGRI.ZS,28.251748
Nepal,NPL,1977,Agricultural land (sq. km),AG.LND.AGRI.K2,40400.000000
Nepal,NPL,1977,Agricultural raw materials exports (% of merchandise exports),TX.VAL.AGRI.ZS.UN,45.299283
Nepal,NPL,1977,Agricultural raw materials imports (% of merchandise imports),TM.VAL.AGRI.ZS.UN,0.421474
Nepal,NPL,1977,"Agriculture, forestry, and fishing, value added (% of GDP)",NV.AGR.TOTL.ZS,60.121529
Nepal,NPL,1977,Arable land (% of land area),AG.LND.ARBL.ZS,15.559441
Nepal,NPL,1977,Arable land (hectares per person),AG.LND.ARBL.HA.PC,0.153457
Nepal,NPL,1977,Average precipitation in depth (mm per year),AG.LND.PRCP.MM,1500.000000
Nepal,NPL,1977,Cereal yield (kg per hectare),AG.YLD.CREL.KG,1604.300000
Nepal,NPL,1977,Crop production index (2014-2016 = 100),AG.PRD.CROP.XD,24.470000
Nepal,NPL,1977,Fertilizer consumption (kilograms per hectare of arable land),AG.CON.FERT.ZS,7.850337
Nepal,NPL,1977,Food production index (2014-2016 = 100),AG.PRD.FOOD.XD,27.590000
Nepal,NPL,1977,Land area (sq. km),AG.LND.TOTL.K2,143000.000000
Nepal,NPL,1977,Livestock production index (2014-2016 = 100),AG.PRD.LVSK.XD,39.410000
Nepal,NPL,1977,Permanent cropland (% of land area),AG.LND.CROP.ZS,0.202797
Nepal,NPL,1977,Rural population (% of total population),SP.RUR.TOTL.ZS,94.698000
Nepal,NPL,1977,Rural population growth (annual %),SP.RUR.TOTL.ZG,1.988337
Nepal,NPL,1977,Surface area (sq. km),AG.SRF.TOTL.K2,147180.000000
Nepal,NPL,1978,Agricultural land (% of land area),AG.LND.AGRI.ZS,28.356643
Nepal,NPL,1978,Agricultural land (sq. km),AG.LND.AGRI.K2,40550.000000
Nepal,NPL,1978,Agricultural raw materials exports (% of merchandise exports),TX.VAL.AGRI.ZS.UN,42.283705
Nepal,NPL,1978,Agricultural raw materials imports (% of merchandise imports),TM.VAL.AGRI.ZS.UN,0.163209
Nepal,NPL,1978,"Agriculture, forestry, and fishing, value added (% of GDP)",NV.AGR.TOTL.ZS,58.868840
Nepal,NPL,1978,Arable land (% of land area),AG.LND.ARBL.ZS,15.664336
Nepal,NPL,1978,Arable land (hectares per person),AG.LND.ARBL.HA.PC,0.150946
Nepal,NPL,1978,Average precipitation in depth (mm per year),AG.LND.PRCP.MM,1500.000000
Nepal,NPL,1978,Cereal yield (kg per hectare),AG.YLD.CREL.KG,1634.000000
Nepal,NPL,1978,Crop production index (2014-2016 = 100),AG.PRD.CROP.XD,25.400000
Nepal,NPL,1978,Fertilizer consumption (kilograms per hectare of arable land),AG.CON.FERT.ZS,8.278125
Nepal,NPL,1978,Food production index (2014-2016 = 100),AG.PRD.FOOD.XD,28.460000
Nepal,NPL,1978,Land area (sq. km),AG.LND.TOTL.K2,143000.000000
Nepal,NPL,1978,Livestock production index (2014-2016 = 100),AG.PRD.LVSK.XD,40.440000
Nepal,NPL,1978,Permanent cropland (% of land area),AG.LND.CROP.ZS,0.202797
Nepal,NPL,1978,Rural population (% of total population),SP.RUR.TOTL.ZS,94.447000
Nepal,NPL,1978,Rural population growth (annual %),SP.RUR.TOTL.ZG,2.055988
Nepal,NPL,1978,Surface area (sq. km),AG.SRF.TOTL.K2,147180.000000
Nepal,NPL,1979,Agricultural land (% of land area),AG.LND.AGRI.ZS,28.461538
Nepal,NPL,1979,Agricultural land (sq. km),AG.LND.AGRI.K2,40700.000000
Nepal,NPL,1979,Agricultural raw materials exports (% of merchandise exports),TX.VAL.AGRI.ZS.UN,35.037649
Nepal,NPL,1979,Agricultural raw materials imports (% of merchandise imports),TM.VAL.AGRI.ZS.UN,0.490572
Nepal,NPL,1979,"Agriculture, forestry, and fishing, value added (% of GDP)",NV.AGR.TOTL.ZS,60.162053
Nepal,NPL,1979,Arable land (% of land area),AG.LND.ARBL.ZS,15.769231
Nepal,NPL,1979,Arable land (hectares per person),AG.LND.ARBL.HA.PC,0.148447
Nepal,NPL,1979,Average precipitation in depth (mm per year),AG.LND.PRCP.MM,1500.000000
Nepal,NPL,1979,Cereal yield (kg per hectare),AG.YLD.CREL.KG,1456.900000
Nepal,NPL,1979,Crop production index (2014-2016 = 100),AG.PRD.CROP.XD,23.940000
Nepal,NPL,1979,Fertilizer consumption (kilograms per hectare of arable land),AG.CON.FERT.ZS,9.292239
Nepal,NPL,1979,Food production index (2014-2016 = 100),AG.PRD.FOOD.XD,27.510000
Nepal,NPL,1979,Land area (sq. km),AG.LND.TOTL.K2,143000.000000
Nepal,NPL,1979,Livestock production index (2014-2016 = 100),AG.PRD.LVSK.XD,41.350000
Nepal,NPL,1979,Permanent cropland (% of land area),AG.LND.CROP.ZS,0.202797
Nepal,NPL,1979,Rural population (% of total population),SP.RUR.TOTL.ZS,94.184000
Nepal,NPL,1979,Rural population growth (annual %),SP.RUR.TOTL.ZG,2.058192
Nepal,NPL,1979,Surface area (sq. km),AG.SRF.TOTL.K2,147180.000000
Nepal,NPL,1980,Agricultural land (% of land area),AG.LND.AGRI.ZS,28.566434
Nepal,NPL,1980,Agricultural land (sq. km),AG.LND.AGRI.K2,40850.000000
Nepal,NPL,1980,Agricultural raw materials exports (% of merchandise exports),TX.VAL.AGRI.ZS.UN,48.015933
Nepal,NPL,1980,Agricultural raw materials imports (% of merchandise imports),TM.VAL.AGRI.ZS.UN,0.592199
Nepal,NPL,1980,"Agriculture, forestry, and fishing, value added (% of GDP)",NV.AGR.TOTL.ZS,57.899022
Nepal,NPL,1980,Arable land (% of land area),AG.LND.ARBL.ZS,15.874126
Nepal,NPL,1980,Arable land (hectares per person),AG.LND.ARBL.HA.PC,0.145952
Nepal,NPL,1980,Average precipitation in depth (mm per year),AG.LND.PRCP.MM,1500.000000
Nepal,NPL,1980,Cereal yield (kg per hectare),AG.YLD.CREL.KG,1687.100000
Nepal,NPL,1980,Crop production index (2014-2016 = 100),AG.PRD.CROP.XD,26.670000
Nepal,NPL,1980,Fertilizer consumption (kilograms per hectare of arable land),AG.CON.FERT.ZS,9.893833
Nepal,NPL,1980,Food production index (2014-2016 = 100),AG.PRD.FOOD.XD,30.000000
Nepal,NPL,1980,Land area (sq. km),AG.LND.TOTL.K2,143000.000000
Nepal,NPL,1980,Livestock production index (2014-2016 = 100),AG.PRD.LVSK.XD,43.080000
Nepal,NPL,1980,Permanent cropland (% of land area),AG.LND.CROP.ZS,0.202797
Nepal,NPL,1980,Rural population (% of total population),SP.RUR.TOTL.ZS,93.909000
Nepal,NPL,1980,Rural population growth (annual %),SP.RUR.TOTL.ZG,2.066005
Nepal,NPL,1980,Surface area (sq. km),AG.SRF.TOTL.K2,147180.000000
Nepal,NPL,1981,Agricultural land (% of land area),AG.LND.AGRI.ZS,28.692308
Nepal,NPL,1981,Agricultural land (sq. km),AG.LND.AGRI.K2,41030.000000
Nepal,NPL,1981,Agricultural raw materials exports (% of merchandise exports),TX.VAL.AGRI.ZS.UN,35.764335
Nepal,NPL,1981,Agricultural raw materials imports (% of merchandise imports),TM.VAL.AGRI.ZS.UN,0.618827
Nepal,NPL,1981,"Agriculture, forestry, and fishing, value added (% of GDP)",NV.AGR.TOTL.ZS,56.798622
Nepal,NPL,1981,Arable land (% of land area),AG.LND.ARBL.ZS,16.000000
Nepal,NPL,1981,Arable land (hectares per person),AG.LND.ARBL.HA.PC,0.143697
Nepal,NPL,1981,Average precipitation in depth (mm per year),AG.LND.PRCP.MM,1500.000000
Nepal,NPL,1981,Cereal yield (kg per hectare),AG.YLD.CREL.KG,1700.900000
Nepal,NPL,1981,Crop production index (2014-2016 = 100),AG.PRD.CROP.XD,27.870000
Nepal,NPL,1981,Fertilizer consumption (kilograms per hectare of arable land),AG.CON.FERT.ZS,10.412587
Nepal,NPL,1981,Food production index (2014-2016 = 100),AG.PRD.FOOD.XD,31.450000
Nepal,NPL,1981,Land area (sq. km),AG.LND.TOTL.K2,143000.000000
Nepal,NPL,1981,Livestock production index (2014-2016 = 100),AG.PRD.LVSK.XD,45.170000
Nepal,NPL,1981,Permanent cropland (% of land area),AG.LND.CROP.ZS,0.202797
Nepal,NPL,1981,Rural population (% of total population),SP.RUR.TOTL.ZS,93.624000
Nepal,NPL,1981,Rural population growth (annual %),SP.RUR.TOTL.ZG,2.042861
Nepal,NPL,1981,Surface area (sq. km),AG.SRF.TOTL.K2,147180.000000
Nepal,NPL,1982,Agricultural land (% of land area),AG.LND.AGRI.ZS,28.717483
Nepal,NPL,1982,Agricultural land (sq. km),AG.LND.AGRI.K2,41066.000000
Nepal,NPL,1982,Agricultural raw materials exports (% of merchandise exports),TX.VAL.AGRI.ZS.UN,25.637554
Nepal,NPL,1982,Agricultural raw materials imports (% of merchandise imports),TM.VAL.AGRI.ZS.UN,0.774413
Nepal,NPL,1982,"Agriculture, forestry, and fishing, value added (% of GDP)",NV.AGR.TOTL.ZS,57.167290
Nepal,NPL,1982,Arable land (% of land area),AG.LND.ARBL.ZS,16.025175
Nepal,NPL,1982,Arable land (hectares per person),AG.LND.ARBL.HA.PC,0.140606
Nepal,NPL,1982,Average precipitation in depth (mm per year),AG.LND.PRCP.MM,1500.000000
Nepal,NPL,1982,Cereal yield (kg per hectare),AG.YLD.CREL.KG,1381.500000
Nepal,NPL,1982,Crop production index (2014-2016 = 100),AG.PRD.CROP.XD,23.920000
Nepal,NPL,1982,Fertilizer consumption (kilograms per hectare of arable land),AG.CON.FERT.ZS,13.649415
Nepal,NPL,1982,Food production index (2014-2016 = 100),AG.PRD.FOOD.XD,29.270000
Nepal,NPL,1982,Land area (sq. km),AG.LND.TOTL.K2,143000.000000
Nepal,NPL,1982,Livestock production index (2014-2016 = 100),AG.PRD.LVSK.XD,48.400000
Nepal,NPL,1982,Permanent cropland (% of land area),AG.LND.CROP.ZS,0.202797
Nepal,NPL,1982,Rural population (% of total population),SP.RUR.TOTL.ZS,93.384000
Nepal,NPL,1982,Rural population growth (annual %),SP.RUR.TOTL.ZG,2.074651
Nepal,NPL,1982,Surface area (sq. km),AG.SRF.TOTL.K2,147180.000000
Nepal,NPL,1983,Agricultural land (% of land area),AG.LND.AGRI.ZS,28.742657
Nepal,NPL,1983,Agricultural land (sq. km),AG.LND.AGRI.K2,41102.000000
Nepal,NPL,1983,Agricultural raw materials exports (% of merchandise exports),TX.VAL.AGRI.ZS.UN,10.392659
Nepal,NPL,1983,Agricultural raw materials imports (% of merchandise imports),TM.VAL.AGRI.ZS.UN,1.208748
Nepal,NPL,1983,"Agriculture, forestry, and fishing, value added (% of GDP)",NV.AGR.TOTL.ZS,56.522513
Nepal,NPL,1983,Arable land (% of land area),AG.LND.ARBL.ZS,16.050350
Nepal,NPL,1983,Arable land (hectares per person),AG.LND.ARBL.HA.PC,0.137527
Nepal,NPL,1983,Average precipitation in depth (mm per year),AG.LND.PRCP.MM,1500.000000
Nepal,NPL,1983,Cereal yield (kg per hectare),AG.YLD.CREL.KG,1745.300000
Nepal,NPL,1983,Crop production index (2014-2016 = 100),AG.PRD.CROP.XD,31.790000
Nepal,NPL,1983,Fertilizer consumption (% of fertilizer production),AG.CON.FERT.PT.ZS,129.065744
Nepal,NPL,1983,Fertilizer consumption (kilograms per hectare of arable land),AG.CON.FERT.ZS,16.251307
Nepal,NPL,1983,Food production index (2014-2016 = 100),AG.PRD.FOOD.XD,35.750000
Nepal,NPL,1983,Land area (sq. km),AG.LND.TOTL.K2,143000.000000
Nepal,NPL,1983,Livestock production index (2014-2016 = 100),AG.PRD.LVSK.XD,50.320000
Nepal,NPL,1983,Permanent cropland (% of land area),AG.LND.CROP.ZS,0.202797
Nepal,NPL,1983,Rural population (% of total population),SP.RUR.TOTL.ZS,93.136000
Nepal,NPL,1983,Rural population growth (annual %),SP.RUR.TOTL.ZG,2.105613
Nepal,NPL,1983,Surface area (sq. km),AG.SRF.TOTL.K2,147180.000000
Nepal,NPL,1984,Agricultural land (% of land area),AG.LND.AGRI.ZS,28.767832
Nepal,NPL,1984,Agricultural land (sq. km),AG.LND.AGRI.K2,41138.000000
Nepal,NPL,1984,Agricultural raw materials exports (% of merchandise exports),TX.VAL.AGRI.ZS.UN,5.013792
Nepal,NPL,1984,Agricultural raw materials imports (% of merchandise imports),TM.VAL.AGRI.ZS.UN,2.374554
Nepal,NPL,1984,"Agriculture, forestry, and fishing, value added (% of GDP)",NV.AGR.TOTL.ZS,57.298809
Nepal,NPL,1984,Arable land (% of land area),AG.LND.ARBL.ZS,16.075524
Nepal,NPL,1984,Arable land (hectares per person),AG.LND.ARBL.HA.PC,0.134549
Nepal,NPL,1984,Average precipitation in depth (mm per year),AG.LND.PRCP.MM,1500.000000
Nepal,NPL,1984,Cereal yield (kg per hectare),AG.YLD.CREL.KG,1666.200000
Nepal,NPL,1984,Crop production index (2014-2016 = 100),AG.PRD.CROP.XD,32.030000
Nepal,NPL,1984,Fertilizer consumption (kilograms per hectare of arable land),AG.CON.FERT.ZS,18.913781
Nepal,NPL,1984,Food production index (2014-2016 = 100),AG.PRD.FOOD.XD,35.940000
Nepal,NPL,1984,Land area (sq. km),AG.LND.TOTL.K2,143000.000000
Nepal,NPL,1984,Livestock production index (2014-2016 = 100),AG.PRD.LVSK.XD,50.100000
Nepal,NPL,1984,Permanent cropland (% of land area),AG.LND.CROP.ZS,0.202797
Nepal,NPL,1984,Rural population (% of total population),SP.RUR.TOTL.ZS,92.879000
Nepal,NPL,1984,Rural population growth (annual %),SP.RUR.TOTL.ZG,2.069488
Nepal,NPL,1984,Surface area (sq. km),AG.SRF.TOTL.K2,147180.000000
Nepal,NPL,1985,Agricultural land (% of land area),AG.LND.AGRI.ZS,28.786014
Nepal,NPL,1985,Agricultural land (sq. km),AG.LND.AGRI.K2,41164.000000
Nepal,NPL,1985,Agricultural raw materials exports (% of merchandise exports),TX.VAL.AGRI.ZS.UN,5.603158
Nepal,NPL,1985,Agricultural raw materials imports (% of merchandise imports),TM.VAL.AGRI.ZS.UN,2.205021
Nepal,NPL,1985,"Agriculture, forestry, and fishing, value added (% of GDP)",NV.AGR.TOTL.ZS,48.858026
Nepal,NPL,1985,Arable land (% of land area),AG.LND.ARBL.ZS,16.100699
Nepal,NPL,1985,Arable land (hectares per person),AG.LND.ARBL.HA.PC,0.131734
Nepal,NPL,1985,Average precipitation in depth (mm per year),AG.LND.PRCP.MM,1500.000000
Nepal,NPL,1985,Cereal yield (kg per hectare),AG.YLD.CREL.KG,1659.100000
Nepal,NPL,1985,Crop production index (2014-2016 = 100),AG.PRD.CROP.XD,32.750000
Nepal,NPL,1985,Fertilizer consumption (kilograms per hectare of arable land),AG.CON.FERT.ZS,18.853805
Nepal,NPL,1985,Food production index (2014-2016 = 100),AG.PRD.FOOD.XD,36.540000
Nepal,NPL,1985,Land area (sq. km),AG.LND.TOTL.K2,143000.000000
Nepal,NPL,1985,Livestock production index (2014-2016 = 100),AG.PRD.LVSK.XD,50.400000
Nepal,NPL,1985,Permanent cropland (% of land area),AG.LND.CROP.ZS,0.202797
Nepal,NPL,1985,Rural population (% of total population),SP.RUR.TOTL.ZS,92.614000
Nepal,NPL,1985,Rural population growth (annual %),SP.RUR.TOTL.ZG,1.985304
Nepal,NPL,1985,Surface area (sq. km),AG.SRF.TOTL.K2,147180.000000
Nepal,NPL,1986,Agricultural land (% of land area),AG.LND.AGRI.ZS,28.895105
Nepal,NPL,1986,Agricultural land (sq. km),AG.LND.AGRI.K2,41320.000000
Nepal,NPL,1986,Agricultural raw materials exports (% of merchandise exports),TX.VAL.AGRI.ZS.UN,5.146755
Nepal,NPL,1986,Agricultural raw materials imports (% of merchandise imports),TM.VAL.AGRI.ZS.UN,1.578434
Nepal,NPL,1986,"Agriculture, forestry, and fishing, value added (% of GDP)",NV.AGR.TOTL.ZS,48.697150
Nepal,NPL,1986,Arable land (% of land area),AG.LND.ARBL.ZS,16.125874
Nepal,NPL,1986,Arable land (hectares per person),AG.LND.ARBL.HA.PC,0.129057
Nepal,NPL,1986,Average precipitation in depth (mm per year),AG.LND.PRCP.MM,1500.000000
Nepal,NPL,1986,Cereal yield (kg per hectare),AG.YLD.CREL.KG,1524.700000
Nepal,NPL,1986,Crop production index (2014-2016 = 100),AG.PRD.CROP.XD,30.970000
Nepal,NPL,1986,Fertilizer consumption (kilograms per hectare of arable land),AG.CON.FERT.ZS,19.536427
Nepal,NPL,1986,Food production index (2014-2016 = 100),AG.PRD.FOOD.XD,35.330000
Nepal,NPL,1986,Land area (sq. km),AG.LND.TOTL.K2,143000.000000
Nepal,NPL,1986,Livestock production index (2014-2016 = 100),AG.PRD.LVSK.XD,51.570000
Nepal,NPL,1986,Permanent cropland (% of land area),AG.LND.CROP.ZS,0.202797
Nepal,NPL,1986,Rural population (% of total population),SP.RUR.TOTL.ZS,92.340000
Nepal,NPL,1986,Rural population growth (annual %),SP.RUR.TOTL.ZG,1.913011
Nepal,NPL,1986,Surface area (sq. km),AG.SRF.TOTL.K2,147180.000000
Nepal,NPL,1987,Agricultural land (% of land area),AG.LND.AGRI.ZS,28.913287
Nepal,NPL,1987,Agricultural land (sq. km),AG.LND.AGRI.K2,41346.000000
Nepal,NPL,1987,Agricultural raw materials exports (% of merchandise exports),TX.VAL.AGRI.ZS.UN,1.534862
Nepal,NPL,1987,Agricultural raw materials imports (% of merchandise imports),TM.VAL.AGRI.ZS.UN,1.935512
Nepal,NPL,1987,"Agriculture, forestry, and fishing, value added (% of GDP)",NV.AGR.TOTL.ZS,47.950332
Nepal,NPL,1987,Arable land (% of land area),AG.LND.ARBL.ZS,16.151049
Nepal,NPL,1987,Arable land (hectares per person),AG.LND.ARBL.HA.PC,0.126550
Nepal,NPL,1987,Average precipitation in depth (mm per year),AG.LND.PRCP.MM,1500.000000
Nepal,NPL,1987,Cereal yield (kg per hectare),AG.YLD.CREL.KG,1684.100000
Nepal,NPL,1987,Crop production index (2014-2016 = 100),AG.PRD.CROP.XD,35.890000
Nepal,NPL,1987,Fertilizer consumption (kilograms per hectare of arable land),AG.CON.FERT.ZS,23.459041
Nepal,NPL,1987,Food production index (2014-2016 = 100),AG.PRD.FOOD.XD,39.480000
Nepal,NPL,1987,Land area (sq. km),AG.LND.TOTL.K2,143000.000000
Nepal,NPL,1987,Livestock production index (2014-2016 = 100),AG.PRD.LVSK.XD,52.280000
Nepal,NPL,1987,Permanent cropland (% of land area),AG.LND.CROP.ZS,0.202797
Nepal,NPL,1987,Rural population (% of total population),SP.RUR.TOTL.ZS,92.056000
Nepal,NPL,1987,Rural population growth (annual %),SP.RUR.TOTL.ZG,1.809407
Nepal,NPL,1987,Surface area (sq. km),AG.SRF.TOTL.K2,147180.000000
Nepal,NPL,1988,Agricultural land (% of land area),AG.LND.AGRI.ZS,28.938462
Nepal,NPL,1988,Agricultural land (sq. km),AG.LND.AGRI.K2,41382.000000
Nepal,NPL,1988,"Agriculture, forestry, and fishing, value added (% of GDP)",NV.AGR.TOTL.ZS,47.792110
Nepal,NPL,1988,Arable land (% of land area),AG.LND.ARBL.ZS,16.176224
Nepal,NPL,1988,Arable land (hectares per person),AG.LND.ARBL.HA.PC,0.124108
Nepal,NPL,1988,Average precipitation in depth (mm per year),AG.LND.PRCP.MM,1500.000000
Nepal,NPL,1988,Cereal yield (kg per hectare),AG.YLD.CREL.KG,1780.400000
Nepal,NPL,1988,Crop production index (2014-2016 = 100),AG.PRD.CROP.XD,39.420000
Nepal,NPL,1988,Fertilizer consumption (kilograms per hectare of arable land),AG.CON.FERT.ZS,24.334688
Nepal,NPL,1988,Food production index (2014-2016 = 100),AG.PRD.FOOD.XD,42.750000
Nepal,NPL,1988,Land area (sq. km),AG.LND.TOTL.K2,143000.000000
Nepal,NPL,1988,Livestock production index (2014-2016 = 100),AG.PRD.LVSK.XD,54.470000
Nepal,NPL,1988,Permanent cropland (% of land area),AG.LND.CROP.ZS,0.202797
Nepal,NPL,1988,Rural population (% of total population),SP.RUR.TOTL.ZS,91.762000
Nepal,NPL,1988,Rural population growth (annual %),SP.RUR.TOTL.ZG,1.784639
Nepal,NPL,1988,Surface area (sq. km),AG.SRF.TOTL.K2,147180.000000
Nepal,NPL,1989,Agricultural land (% of land area),AG.LND.AGRI.ZS,28.956643
Nepal,NPL,1989,Agricultural land (sq. km),AG.LND.AGRI.K2,41408.000000
Nepal,NPL,1989,"Agriculture, forestry, and fishing, value added (% of GDP)",NV.AGR.TOTL.ZS,47.689567
Nepal,NPL,1989,Arable land (% of land area),AG.LND.ARBL.ZS,16.201399
Nepal,NPL,1989,Arable land (hectares per person),AG.LND.ARBL.HA.PC,0.121567
Nepal,NPL,1989,Average precipitation in depth (mm per year),AG.LND.PRCP.MM,1500.000000
Nepal,NPL,1989,Cereal yield (kg per hectare),AG.YLD.CREL.KG,1886.900000
Nepal,NPL,1989,Crop production index (2014-2016 = 100),AG.PRD.CROP.XD,41.860000
Nepal,NPL,1989,Fertilizer consumption (kilograms per hectare of arable land),AG.CON.FERT.ZS,29.084081
Nepal,NPL,1989,Food production index (2014-2016 = 100),AG.PRD.FOOD.XD,44.840000
Nepal,NPL,1989,Land area (sq. km),AG.LND.TOTL.K2,143000.000000
Nepal,NPL,1989,Livestock production index (2014-2016 = 100),AG.PRD.LVSK.XD,55.540000
Nepal,NPL,1989,Permanent cropland (% of land area),AG.LND.CROP.ZS,0.202797
Nepal,NPL,1989,Rural population (% of total population),SP.RUR.TOTL.ZS,91.459000
Nepal,NPL,1989,Rural population growth (annual %),SP.RUR.TOTL.ZG,1.893140
Nepal,NPL,1989,Surface area (sq. km),AG.SRF.TOTL.K2,147180.000000
Nepal,NPL,1990,Agricultural land (% of land area),AG.LND.AGRI.ZS,28.981818
Nepal,NPL,1990,Agricultural land (sq. km),AG.LND.AGRI.K2,41444.000000
Nepal,NPL,1990,"Agriculture, forestry, and fishing, value added (% of GDP)",NV.AGR.TOTL.ZS,48.802893
Nepal,NPL,1990,Arable land (% of land area),AG.LND.ARBL.ZS,16.226573
Nepal,NPL,1990,Arable land (hectares per person),AG.LND.ARBL.HA.PC,0.118845
Nepal,NPL,1990,Average precipitation in depth (mm per year),AG.LND.PRCP.MM,1500.000000
Nepal,NPL,1990,Cereal yield (kg per hectare),AG.YLD.CREL.KG,1920.100000
Nepal,NPL,1990,Crop production index (2014-2016 = 100),AG.PRD.CROP.XD,46.490000
Nepal,NPL,1990,Fertilizer consumption (kilograms per hectare of arable land),AG.CON.FERT.ZS,31.249785
Nepal,NPL,1990,Food production index (2014-2016 = 100),AG.PRD.FOOD.XD,48.850000
Nepal,NPL,1990,Forest area (% of land area),AG.LND.FRST.ZS,39.664336
Nepal,NPL,1990,Forest area (sq. km),AG.LND.FRST.K2,56720.000000
Nepal,NPL,1990,Land area (sq. km),AG.LND.TOTL.K2,143000.000000
Nepal,NPL,1990,Livestock production index (2014-2016 = 100),AG.PRD.LVSK.XD,57.650000
Nepal,NPL,1990,Permanent cropland (% of land area),AG.LND.CROP.ZS,0.202797
Nepal,NPL,1990,Rural land area (sq. km),AG.LND.TOTL.RU.K2,140996.078028
Nepal,NPL,1990,Rural land area where elevation is below 5 meters (% of total land area),AG.LND.EL5M.RU.ZS,0.000000
Nepal,NPL,1990,Rural land area where elevation is below 5 meters (sq. km),AG.LND.EL5M.RU.K2,0.000000
Nepal,NPL,1990,Rural population (% of total population),SP.RUR.TOTL.ZS,91.146000
Nepal,NPL,1990,Rural population growth (annual %),SP.RUR.TOTL.ZG,2.076879
Nepal,NPL,1990,Rural population living in areas where elevation is below 5 meters (% of total population),EN.POP.EL5M.RU.ZS,0.000000
Nepal,NPL,1990,Surface area (sq. km),AG.SRF.TOTL.K2,147180.000000
Nepal,NPL,1991,Agricultural land (% of land area),AG.LND.AGRI.ZS,29.000000
Nepal,NPL,1991,Agricultural land (sq. km),AG.LND.AGRI.K2,41470.000000
Nepal,NPL,1991,"Agriculture, forestry, and fishing, value added (% of GDP)",NV.AGR.TOTL.ZS,44.723387
Nepal,NPL,1991,Arable land (% of land area),AG.LND.ARBL.ZS,16.251748
Nepal,NPL,1991,Arable land (hectares per person),AG.LND.ARBL.HA.PC,0.115988
Nepal,NPL,1991,Average precipitation in depth (mm per year),AG.LND.PRCP.MM,1500.000000
Nepal,NPL,1991,Cereal yield (kg per hectare),AG.YLD.CREL.KG,1721.000000
Nepal,NPL,1991,Crop production index (2014-2016 = 100),AG.PRD.CROP.XD,42.280000
Nepal,NPL,1991,Employment in agriculture (% of total employment) (modeled ILO estimate),SL.AGR.EMPL.ZS,77.769209
Nepal,NPL,1991,"Employment in agriculture, female (% of female employment) (modeled ILO estimate)",SL.AGR.EMPL.FE.ZS,89.085907
Nepal,NPL,1991,"Employment in agriculture, male (% of male employment) (modeled ILO estimate)",SL.AGR.EMPL.MA.ZS,74.153696
Nepal,NPL,1991,Fertilizer consumption (kilograms per hectare of arable land),AG.CON.FERT.ZS,34.896730
Nepal,NPL,1991,Food production index (2014-2016 = 100),AG.PRD.FOOD.XD,43.940000
Nepal,NPL,1991,Forest area (% of land area),AG.LND.FRST.ZS,39.740392
Nepal,NPL,1991,Forest area (sq. km),AG.LND.FRST.K2,56828.760000
Nepal,NPL,1991,Land area (sq. km),AG.LND.TOTL.K2,143000.000000
Nepal,NPL,1991,Livestock production index (2014-2016 = 100),AG.PRD.LVSK.XD,50.480000
Nepal,NPL,1991,Permanent cropland (% of land area),AG.LND.CROP.ZS,0.202797
Nepal,NPL,1991,Rural population (% of total population),SP.RUR.TOTL.ZS,90.820000
Nepal,NPL,1991,Rural population growth (annual %),SP.RUR.TOTL.ZG,2.229869
Nepal,NPL,1991,Surface area (sq. km),AG.SRF.TOTL.K2,147180.000000
Nepal,NPL,1992,Agricultural land (% of land area),AG.LND.AGRI.ZS,29.078322
Nepal,NPL,1992,Agricultural land (sq. km),AG.LND.AGRI.K2,41582.000000
Nepal,NPL,1992,"Agriculture, forestry, and fishing, value added (% of GDP)",NV.AGR.TOTL.ZS,42.665263
Nepal,NPL,1992,Arable land (% of land area),AG.LND.ARBL.ZS,16.274825
Nepal,NPL,1992,Arable land (hectares per person),AG.LND.ARBL.HA.PC,0.112923
Nepal,NPL,1992,Average precipitation in depth (mm per year),AG.LND.PRCP.MM,1500.000000
Nepal,NPL,1992,Cereal yield (kg per hectare),AG.YLD.CREL.KG,1919.300000
Nepal,NPL,1992,Crop production index (2014-2016 = 100),AG.PRD.CROP.XD,48.490000
Nepal,NPL,1992,Employment in agriculture (% of total employment) (modeled ILO estimate),SL.AGR.EMPL.ZS,77.501031
Nepal,NPL,1992,"Employment in agriculture, female (% of female employment) (modeled ILO estimate)",SL.AGR.EMPL.FE.ZS,88.603131
Nepal,NPL,1992,"Employment in agriculture, male (% of male employment) (modeled ILO estimate)",SL.AGR.EMPL.MA.ZS,73.934016
Nepal,NPL,1992,Fertilizer consumption (kilograms per hectare of arable land),AG.CON.FERT.ZS,35.235251
Nepal,NPL,1992,Food production index (2014-2016 = 100),AG.PRD.FOOD.XD,48.820000
Nepal,NPL,1992,Forest area (% of land area),AG.LND.FRST.ZS,39.816448
Nepal,NPL,1992,Forest area (sq. km),AG.LND.FRST.K2,56937.520000
Nepal,NPL,1992,Land area (sq. km),AG.LND.TOTL.K2,143000.000000
Nepal,NPL,1992,Livestock production index (2014-2016 = 100),AG.PRD.LVSK.XD,50.890000
Nepal,NPL,1992,Permanent cropland (% of land area),AG.LND.CROP.ZS,0.265035
Nepal,NPL,1992,Rural population (% of total population),SP.RUR.TOTL.ZS,90.418000
Nepal,NPL,1992,Rural population growth (annual %),SP.RUR.TOTL.ZG,2.377043
Nepal,NPL,1992,Surface area (sq. km),AG.SRF.TOTL.K2,147180.000000
Nepal,NPL,1993,Agricultural land (% of land area),AG.LND.AGRI.ZS,29.156643
Nepal,NPL,1993,Agricultural land (sq. km),AG.LND.AGRI.K2,41694.000000
Nepal,NPL,1993,"Agriculture, forestry, and fishing, value added (% of GDP)",NV.AGR.TOTL.ZS,39.895948
Nepal,NPL,1993,Arable land (% of land area),AG.LND.ARBL.ZS,16.297902
Nepal,NPL,1993,Arable land (hectares per person),AG.LND.ARBL.HA.PC,0.110037
Nepal,NPL,1993,Average precipitation in depth (mm per year),AG.LND.PRCP.MM,1500.000000
Nepal,NPL,1993,Cereal yield (kg per hectare),AG.YLD.CREL.KG,1714.300000
Nepal,NPL,1993,Crop production index (2014-2016 = 100),AG.PRD.CROP.XD,46.090000
Nepal,NPL,1993,Employment in agriculture (% of total employment) (modeled ILO estimate),SL.AGR.EMPL.ZS,77.057131
Nepal,NPL,1993,"Employment in agriculture, female (% of female employment) (modeled ILO estimate)",SL.AGR.EMPL.FE.ZS,88.299871
Nepal,NPL,1993,"Employment in agriculture, male (% of male employment) (modeled ILO estimate)",SL.AGR.EMPL.MA.ZS,73.430792
Nepal,NPL,1993,Fertilizer consumption (kilograms per hectare of arable land),AG.CON.FERT.ZS,31.552390
Nepal,NPL,1993,Food production index (2014-2016 = 100),AG.PRD.FOOD.XD,47.120000
Nepal,NPL,1993,Forest area (% of land area),AG.LND.FRST.ZS,39.892503
Nepal,NPL,1993,Forest area (sq. km),AG.LND.FRST.K2,57046.280000
Nepal,NPL,1993,Land area (sq. km),AG.LND.TOTL.K2,143000.000000
Nepal,NPL,1993,Livestock production index (2014-2016 = 100),AG.PRD.LVSK.XD,51.290000
Nepal,NPL,1993,Permanent cropland (% of land area),AG.LND.CROP.ZS,0.327273
Nepal,NPL,1993,Rural population (% of total population),SP.RUR.TOTL.ZS,90.001000
Nepal,NPL,1993,Rural population growth (annual %),SP.RUR.TOTL.ZG,2.268009
Nepal,NPL,1993,Surface area (sq. km),AG.SRF.TOTL.K2,147180.000000
Nepal,NPL,1994,Agricultural land (% of land area),AG.LND.AGRI.ZS,29.234965
Nepal,NPL,1994,Agricultural land (sq. km),AG.LND.AGRI.K2,41806.000000
Nepal,NPL,1994,Agricultural raw materials exports (% of merchandise exports),TX.VAL.AGRI.ZS.UN,1.424900
Nepal,NPL,1994,Agricultural raw materials imports (% of merchandise imports),TM.VAL.AGRI.ZS.UN,5.319607
Nepal,NPL,1994,"Agriculture, forestry, and fishing, value added (% of GDP)",NV.AGR.TOTL.ZS,40.441708
Nepal,NPL,1994,Arable land (% of land area),AG.LND.ARBL.ZS,16.320979
Nepal,NPL,1994,Arable land (hectares per person),AG.LND.ARBL.HA.PC,0.107466
Nepal,NPL,1994,Average precipitation in depth (mm per year),AG.LND.PRCP.MM,1500.000000
Nepal,NPL,1994,Cereal yield (kg per hectare),AG.YLD.CREL.KG,1913.900000
Nepal,NPL,1994,Crop production index (2014-2016 = 100),AG.PRD.CROP.XD,51.200000
Nepal,NPL,1994,Employment in agriculture (% of total employment) (modeled ILO estimate),SL.AGR.EMPL.ZS,76.641555
Nepal,NPL,1994,"Employment in agriculture, female (% of female employment) (modeled ILO estimate)",SL.AGR.EMPL.FE.ZS,87.877896
Nepal,NPL,1994,"Employment in agriculture, male (% of male employment) (modeled ILO estimate)",SL.AGR.EMPL.MA.ZS,73.013343
Nepal,NPL,1994,Fertilizer consumption (kilograms per hectare of arable land),AG.CON.FERT.ZS,39.847466
Nepal,NPL,1994,Food production index (2014-2016 = 100),AG.PRD.FOOD.XD,51.410000
Nepal,NPL,1994,Forest area (% of land area),AG.LND.FRST.ZS,39.968559
Nepal,NPL,1994,Forest area (sq. km),AG.LND.FRST.K2,57155.040000
Nepal,NPL,1994,Land area (sq. km),AG.LND.TOTL.K2,143000.000000
Nepal,NPL,1994,Livestock production index (2014-2016 = 100),AG.PRD.LVSK.XD,53.060000
Nepal,NPL,1994,Permanent cropland (% of land area),AG.LND.CROP.ZS,0.389510
Nepal,NPL,1994,Rural population (% of total population),SP.RUR.TOTL.ZS,89.567000
Nepal,NPL,1994,Rural population growth (annual %),SP.RUR.TOTL.ZG,2.021871
Nepal,NPL,1994,Surface area (sq. km),AG.SRF.TOTL.K2,147180.000000
Nepal,NPL,1995,Agricultural land (% of land area),AG.LND.AGRI.ZS,29.313287
Nepal,NPL,1995,Agricultural land (sq. km),AG.LND.AGRI.K2,41918.000000
Nepal,NPL,1995,"Agriculture, forestry, and fishing, value added (% of GDP)",NV.AGR.TOTL.ZS,39.041405
Nepal,NPL,1995,Arable land (% of land area),AG.LND.ARBL.ZS,16.344056
Nepal,NPL,1995,Arable land (hectares per person),AG.LND.ARBL.HA.PC,0.105064
Nepal,NPL,1995,Average precipitation in depth (mm per year),AG.LND.PRCP.MM,1500.000000
Nepal,NPL,1995,Cereal yield (kg per hectare),AG.YLD.CREL.KG,1923.700000
Nepal,NPL,1995,Crop production index (2014-2016 = 100),AG.PRD.CROP.XD,52.890000
Nepal,NPL,1995,Employment in agriculture (% of total employment) (modeled ILO estimate),SL.AGR.EMPL.ZS,76.073561
Nepal,NPL,1995,"Employment in agriculture, female (% of female employment) (modeled ILO estimate)",SL.AGR.EMPL.FE.ZS,87.446731
Nepal,NPL,1995,"Employment in agriculture, male (% of male employment) (modeled ILO estimate)",SL.AGR.EMPL.MA.ZS,72.397612
Nepal,NPL,1995,Fertilizer consumption (kilograms per hectare of arable land),AG.CON.FERT.ZS,40.090279
Nepal,NPL,1995,Food production index (2014-2016 = 100),AG.PRD.FOOD.XD,53.050000
Nepal,NPL,1995,Forest area (% of land area),AG.LND.FRST.ZS,40.044615
Nepal,NPL,1995,Forest area (sq. km),AG.LND.FRST.K2,57263.800000
Nepal,NPL,1995,Land area (sq. km),AG.LND.TOTL.K2,143000.000000
Nepal,NPL,1995,Livestock production index (2014-2016 = 100),AG.PRD.LVSK.XD,54.350000
Nepal,NPL,1995,Permanent cropland (% of land area),AG.LND.CROP.ZS,0.451748
Nepal,NPL,1995,Rural population (% of total population),SP.RUR.TOTL.ZS,89.117000
Nepal,NPL,1995,Rural population growth (annual %),SP.RUR.TOTL.ZG,1.898277
Nepal,NPL,1995,Surface area (sq. km),AG.SRF.TOTL.K2,147180.000000
Nepal,NPL,1996,"Access to electricity, rural (% of rural population)",EG.ELC.ACCS.RU.ZS,10.154089
Nepal,NPL,1996,Agricultural land (% of land area),AG.LND.AGRI.ZS,29.391608
Nepal,NPL,1996,Agricultural land (sq. km),AG.LND.AGRI.K2,42030.000000
Nepal,NPL,1996,"Agriculture, forestry, and fishing, value added (% of GDP)",NV.AGR.TOTL.ZS,38.927657
Nepal,NPL,1996,Arable land (% of land area),AG.LND.ARBL.ZS,16.367133
Nepal,NPL,1996,Arable land (hectares per person),AG.LND.ARBL.HA.PC,0.102916
Nepal,NPL,1996,Average precipitation in depth (mm per year),AG.LND.PRCP.MM,1500.000000
Nepal,NPL,1996,Cereal yield (kg per hectare),AG.YLD.CREL.KG,1939.400000
Nepal,NPL,1996,Crop production index (2014-2016 = 100),AG.PRD.CROP.XD,51.430000
Nepal,NPL,1996,Employment in agriculture (% of total employment) (modeled ILO estimate),SL.AGR.EMPL.ZS,75.502854
Nepal,NPL,1996,"Employment in agriculture, female (% of female employment) (modeled ILO estimate)",SL.AGR.EMPL.FE.ZS,86.964165
Nepal,NPL,1996,"Employment in agriculture, male (% of male employment) (modeled ILO estimate)",SL.AGR.EMPL.MA.ZS,71.788784
Nepal,NPL,1996,Fertilizer consumption (kilograms per hectare of arable land),AG.CON.FERT.ZS,44.007691
Nepal,NPL,1996,Food production index (2014-2016 = 100),AG.PRD.FOOD.XD,52.130000
Nepal,NPL,1996,Forest area (% of land area),AG.LND.FRST.ZS,40.120671
Nepal,NPL,1996,Forest area (sq. km),AG.LND.FRST.K2,57372.560000
Nepal,NPL,1996,Land area (sq. km),AG.LND.TOTL.K2,143000.000000
Nepal,NPL,1996,Livestock production index (2014-2016 = 100),AG.PRD.LVSK.XD,55.330000
Nepal,NPL,1996,Permanent cropland (% of land area),AG.LND.CROP.ZS,0.513986
Nepal,NPL,1996,Rural population (% of total population),SP.RUR.TOTL.ZS,88.650000
Nepal,NPL,1996,Rural population growth (annual %),SP.RUR.TOTL.ZG,1.681630
Nepal,NPL,1996,Surface area (sq. km),AG.SRF.TOTL.K2,147180.000000
Nepal,NPL,1997,"Access to electricity, rural (% of rural population)",EG.ELC.ACCS.RU.ZS,9.430680
Nepal,NPL,1997,Agricultural land (% of land area),AG.LND.AGRI.ZS,29.469930
Nepal,NPL,1997,Agricultural land (sq. km),AG.LND.AGRI.K2,42142.000000
Nepal,NPL,1997,"Agriculture, forestry, and fishing, value added (% of GDP)",NV.AGR.TOTL.ZS,38.780734
Nepal,NPL,1997,Arable land (% of land area),AG.LND.ARBL.ZS,16.390210
Nepal,NPL,1997,Arable land (hectares per person),AG.LND.ARBL.HA.PC,0.100941
Nepal,NPL,1997,Average precipitation in depth (mm per year),AG.LND.PRCP.MM,1500.000000
Nepal,NPL,1997,Cereal yield (kg per hectare),AG.YLD.CREL.KG,1959.900000
Nepal,NPL,1997,Crop production index (2014-2016 = 100),AG.PRD.CROP.XD,53.490000
Nepal,NPL,1997,Employment in agriculture (% of total employment) (modeled ILO estimate),SL.AGR.EMPL.ZS,74.880476
Nepal,NPL,1997,"Employment in agriculture, female (% of female employment) (modeled ILO estimate)",SL.AGR.EMPL.FE.ZS,86.486114
Nepal,NPL,1997,"Employment in agriculture, male (% of male employment) (modeled ILO estimate)",SL.AGR.EMPL.MA.ZS,71.095322
Nepal,NPL,1997,Fertilizer consumption (kilograms per hectare of arable land),AG.CON.FERT.ZS,45.865688
Nepal,NPL,1997,Food production index (2014-2016 = 100),AG.PRD.FOOD.XD,54.590000
Nepal,NPL,1997,Forest area (% of land area),AG.LND.FRST.ZS,40.196727
Nepal,NPL,1997,Forest area (sq. km),AG.LND.FRST.K2,57481.320000
Nepal,NPL,1997,Land area (sq. km),AG.LND.TOTL.K2,143000.000000
Nepal,NPL,1997,Livestock production index (2014-2016 = 100),AG.PRD.LVSK.XD,58.870000
Nepal,NPL,1997,Permanent cropland (% of land area),AG.LND.CROP.ZS,0.576224
Nepal,NPL,1997,Rural population (% of total population),SP.RUR.TOTL.ZS,88.166000
Nepal,NPL,1997,Rural population growth (annual %),SP.RUR.TOTL.ZG,1.530885
Nepal,NPL,1997,Surface area (sq. km),AG.SRF.TOTL.K2,147180.000000
Nepal,NPL,1998,"Access to electricity, rural (% of rural population)",EG.ELC.ACCS.RU.ZS,13.021173
Nepal,NPL,1998,Agricultural land (% of land area),AG.LND.AGRI.ZS,29.548252
Nepal,NPL,1998,Agricultural land (sq. km),AG.LND.AGRI.K2,42254.000000
Nepal,NPL,1998,Agricultural raw materials exports (% of merchandise exports),TX.VAL.AGRI.ZS.UN,0.497371
Nepal,NPL,1998,Agricultural raw materials imports (% of merchandise imports),TM.VAL.AGRI.ZS.UN,3.960198
Nepal,NPL,1998,"Agriculture, forestry, and fishing, value added (% of GDP)",NV.AGR.TOTL.ZS,37.393010
Nepal,NPL,1998,Arable land (% of land area),AG.LND.ARBL.ZS,16.413287
Nepal,NPL,1998,Arable land (hectares per person),AG.LND.ARBL.HA.PC,0.099116
Nepal,NPL,1998,Average precipitation in depth (mm per year),AG.LND.PRCP.MM,1500.000000
Nepal,NPL,1998,Cereal yield (kg per hectare),AG.YLD.CREL.KG,1979.200000
Nepal,NPL,1998,Crop production index (2014-2016 = 100),AG.PRD.CROP.XD,54.280000
Nepal,NPL,1998,Employment in agriculture (% of total employment) (modeled ILO estimate),SL.AGR.EMPL.ZS,74.146544
Nepal,NPL,1998,"Employment in agriculture, female (% of female employment) (modeled ILO estimate)",SL.AGR.EMPL.FE.ZS,85.996221
Nepal,NPL,1998,"Employment in agriculture, male (% of male employment) (modeled ILO estimate)",SL.AGR.EMPL.MA.ZS,70.240575
Nepal,NPL,1998,Fertilizer consumption (kilograms per hectare of arable land),AG.CON.FERT.ZS,51.766009
Nepal,NPL,1998,Food production index (2014-2016 = 100),AG.PRD.FOOD.XD,55.690000
Nepal,NPL,1998,Forest area (% of land area),AG.LND.FRST.ZS,40.272783
Nepal,NPL,1998,Forest area (sq. km),AG.LND.FRST.K2,57590.080000
Nepal,NPL,1998,Land area (sq. km),AG.LND.TOTL.K2,143000.000000
Nepal,NPL,1998,Livestock production index (2014-2016 = 100),AG.PRD.LVSK.XD,61.020000
Nepal,NPL,1998,Permanent cropland (% of land area),AG.LND.CROP.ZS,0.638462
Nepal,NPL,1998,Rural population (% of total population),SP.RUR.TOTL.ZS,87.664000
Nepal,NPL,1998,Rural population growth (annual %),SP.RUR.TOTL.ZG,1.394494
Nepal,NPL,1998,Surface area (sq. km),AG.SRF.TOTL.K2,147180.000000
Nepal,NPL,1999,"Access to electricity, rural (% of rural population)",EG.ELC.ACCS.RU.ZS,16.627982
Nepal,NPL,1999,Agricultural land (% of land area),AG.LND.AGRI.ZS,29.626573
Nepal,NPL,1999,Agricultural land (sq. km),AG.LND.AGRI.K2,42366.000000
Nepal,NPL,1999,Agricultural raw materials exports (% of merchandise exports),TX.VAL.AGRI.ZS.UN,0.450388
Nepal,NPL,1999,Agricultural raw materials imports (% of merchandise imports),TM.VAL.AGRI.ZS.UN,4.360204
Nepal,NPL,1999,"Agriculture, forestry, and fishing, value added (% of GDP)",NV.AGR.TOTL.ZS,38.701482
Nepal,NPL,1999,Arable land (% of land area),AG.LND.ARBL.ZS,16.436364
Nepal,NPL,1999,Arable land (hectares per person),AG.LND.ARBL.HA.PC,0.097425
Nepal,NPL,1999,Average precipitation in depth (mm per year),AG.LND.PRCP.MM,1500.000000
Nepal,NPL,1999,Cereal yield (kg per hectare),AG.YLD.CREL.KG,2113.500000
Nepal,NPL,1999,Crop production index (2014-2016 = 100),AG.PRD.CROP.XD,58.190000
Nepal,NPL,1999,Employment in agriculture (% of total employment) (modeled ILO estimate),SL.AGR.EMPL.ZS,73.488430
Nepal,NPL,1999,"Employment in agriculture, female (% of female employment) (modeled ILO estimate)",SL.AGR.EMPL.FE.ZS,85.456146
Nepal,NPL,1999,"Employment in agriculture, male (% of male employment) (modeled ILO estimate)",SL.AGR.EMPL.MA.ZS,69.490613
Nepal,NPL,1999,Fertilizer consumption (kilograms per hectare of arable land),AG.CON.FERT.ZS,40.163376
Nepal,NPL,1999,Food production index (2014-2016 = 100),AG.PRD.FOOD.XD,59.010000
Nepal,NPL,1999,Forest area (% of land area),AG.LND.FRST.ZS,40.348839
Nepal,NPL,1999,Forest area (sq. km),AG.LND.FRST.K2,57698.840000
Nepal,NPL,1999,Land area (sq. km),AG.LND.TOTL.K2,143000.000000
Nepal,NPL,1999,Livestock production index (2014-2016 = 100),AG.PRD.LVSK.XD,62.270000
Nepal,NPL,1999,Permanent cropland (% of land area),AG.LND.CROP.ZS,0.700699
Nepal,NPL,1999,Rural population (% of total population),SP.RUR.TOTL.ZS,87.143000
Nepal,NPL,1999,Rural population growth (annual %),SP.RUR.TOTL.ZG,1.265013
Nepal,NPL,1999,Surface area (sq. km),AG.SRF.TOTL.K2,147180.000000
Nepal,NPL,2000,"Access to electricity, rural (% of rural population)",EG.ELC.ACCS.RU.ZS,21.300000
Nepal,NPL,2000,Agricultural land (% of land area),AG.LND.AGRI.ZS,29.641437
Nepal,NPL,2000,Agricultural land (sq. km),AG.LND.AGRI.K2,42491.000000
Nepal,NPL,2000,Agricultural raw materials exports (% of merchandise exports),TX.VAL.AGRI.ZS.UN,0.454671
Nepal,NPL,2000,Agricultural raw materials imports (% of merchandise imports),TM.VAL.AGRI.ZS.UN,3.532354
Nepal,NPL,2000,"Agriculture, forestry, and fishing, value added (% of GDP)",NV.AGR.TOTL.ZS,38.243897
Nepal,NPL,2000,"Annual freshwater withdrawals, agriculture (% of total freshwater withdrawal)",ER.H2O.FWAG.ZS,97.464052
Nepal,NPL,2000,Arable land (% of land area),AG.LND.ARBL.ZS,16.421346
Nepal,NPL,2000,Arable land (hectares per person),AG.LND.ARBL.HA.PC,0.095900
Nepal,NPL,2000,Average precipitation in depth (mm per year),AG.LND.PRCP.MM,1500.000000
Nepal,NPL,2000,Cereal yield (kg per hectare),AG.YLD.CREL.KG,2148.600000
Nepal,NPL,2000,Crop production index (2014-2016 = 100),AG.PRD.CROP.XD,59.500000
Nepal,NPL,2000,Employment in agriculture (% of total employment) (modeled ILO estimate),SL.AGR.EMPL.ZS,73.420345
Nepal,NPL,2000,"Employment in agriculture, female (% of female employment) (modeled ILO estimate)",SL.AGR.EMPL.FE.ZS,85.541785
Nepal,NPL,2000,"Employment in agriculture, male (% of male employment) (modeled ILO estimate)",SL.AGR.EMPL.MA.ZS,69.309060
Nepal,NPL,2000,Fertilizer consumption (kilograms per hectare of arable land),AG.CON.FERT.ZS,31.016992
Nepal,NPL,2000,Food production index (2014-2016 = 100),AG.PRD.FOOD.XD,60.330000
Nepal,NPL,2000,Forest area (% of land area),AG.LND.FRST.ZS,40.326195
Nepal,NPL,2000,Forest area (sq. km),AG.LND.FRST.K2,57807.600000
Nepal,NPL,2000,Land area (sq. km),AG.LND.TOTL.K2,143350.000000
Nepal,NPL,2000,Livestock production index (2014-2016 = 100),AG.PRD.LVSK.XD,63.610000
Nepal,NPL,2000,Permanent cropland (% of land area),AG.LND.CROP.ZS,0.761074
Nepal,NPL,2000,Rural land area (sq. km),AG.LND.TOTL.RU.K2,141286.207126
Nepal,NPL,2000,Rural land area where elevation is below 5 meters (% of total land area),AG.LND.EL5M.RU.ZS,0.000000
Nepal,NPL,2000,Rural land area where elevation is below 5 meters (sq. km),AG.LND.EL5M.RU.K2,0.000000
Nepal,NPL,2000,Rural population (% of total population),SP.RUR.TOTL.ZS,86.603000
Nepal,NPL,2000,Rural population growth (annual %),SP.RUR.TOTL.ZG,1.109676
Nepal,NPL,2000,Rural population living in areas where elevation is below 5 meters (% of total population),EN.POP.EL5M.RU.ZS,0.000000
Nepal,NPL,2000,Surface area (sq. km),AG.SRF.TOTL.K2,147180.000000
Nepal,NPL,2001,"Access to electricity, rural (% of rural population)",EG.ELC.ACCS.RU.ZS,14.700000
Nepal,NPL,2001,Agricultural land (% of land area),AG.LND.AGRI.ZS,29.710499
Nepal,NPL,2001,Agricultural land (sq. km),AG.LND.AGRI.K2,42590.000000
Nepal,NPL,2001,"Agriculture, forestry, and fishing, value added (% of GDP)",NV.AGR.TOTL.ZS,35.247670
Nepal,NPL,2001,"Annual freshwater withdrawals, agriculture (% of total freshwater withdrawal)",ER.H2O.FWAG.ZS,97.597550
Nepal,NPL,2001,Arable land (% of land area),AG.LND.ARBL.ZS,16.428322
Nepal,NPL,2001,Arable land (hectares per person),AG.LND.ARBL.HA.PC,0.094401
Nepal,NPL,2001,Average precipitation in depth (mm per year),AG.LND.PRCP.MM,1500.000000
Nepal,NPL,2001,Cereal yield (kg per hectare),AG.YLD.CREL.KG,2149.000000
Nepal,NPL,2001,Crop production index (2014-2016 = 100),AG.PRD.CROP.XD,62.010000
Nepal,NPL,2001,Employment in agriculture (% of total employment) (modeled ILO estimate),SL.AGR.EMPL.ZS,73.311524
Nepal,NPL,2001,"Employment in agriculture, female (% of female employment) (modeled ILO estimate)",SL.AGR.EMPL.FE.ZS,85.720623
Nepal,NPL,2001,"Employment in agriculture, male (% of male employment) (modeled ILO estimate)",SL.AGR.EMPL.MA.ZS,69.027472
Nepal,NPL,2001,Fertilizer consumption (kilograms per hectare of arable land),AG.CON.FERT.ZS,30.796603
Nepal,NPL,2001,Food production index (2014-2016 = 100),AG.PRD.FOOD.XD,62.650000
Nepal,NPL,2001,Forest area (% of land area),AG.LND.FRST.ZS,40.452647
Nepal,NPL,2001,Forest area (sq. km),AG.LND.FRST.K2,57988.870000
Nepal,NPL,2001,Land area (sq. km),AG.LND.TOTL.K2,143350.000000
Nepal,NPL,2001,Livestock production index (2014-2016 = 100),AG.PRD.LVSK.XD,65.370000
Nepal,NPL,2001,Permanent cropland (% of land area),AG.LND.CROP.ZS,0.823160
Nepal,NPL,2001,Rural population (% of total population),SP.RUR.TOTL.ZS,86.053000
Nepal,NPL,2001,Rural population growth (annual %),SP.RUR.TOTL.ZG,0.980276
Nepal,NPL,2001,Surface area (sq. km),AG.SRF.TOTL.K2,147180.000000
Nepal,NPL,2002,"Access to electricity, rural (% of rural population)",EG.ELC.ACCS.RU.ZS,28.000000
Nepal,NPL,2002,Agricultural land (% of land area),AG.LND.AGRI.ZS,29.584932
Nepal,NPL,2002,Agricultural land (sq. km),AG.LND.AGRI.K2,42410.000000
Nepal,NPL,2002,"Agriculture, forestry, and fishing, value added (% of GDP)",NV.AGR.TOTL.ZS,36.150295
Nepal,NPL,2002,"Annual freshwater withdrawals, agriculture (% of total freshwater withdrawal)",ER.H2O.FWAG.ZS,97.731415
Nepal,NPL,2002,Arable land (% of land area),AG.LND.ARBL.ZS,16.288804
Nepal,NPL,2002,Arable land (hectares per person),AG.LND.ARBL.HA.PC,0.092187
Nepal,NPL,2002,Average precipitation in depth (mm per year),AG.LND.PRCP.MM,1500.000000
Nepal,NPL,2002,Cereal yield (kg per hectare),AG.YLD.CREL.KG,2165.600000
Nepal,NPL,2002,Crop production index (2014-2016 = 100),AG.PRD.CROP.XD,63.830000
Nepal,NPL,2002,Employment in agriculture (% of total employment) (modeled ILO estimate),SL.AGR.EMPL.ZS,73.510068
Nepal,NPL,2002,"Employment in agriculture, female (% of female employment) (modeled ILO estimate)",SL.AGR.EMPL.FE.ZS,86.047650
Nepal,NPL,2002,"Employment in agriculture, male (% of male employment) (modeled ILO estimate)",SL.AGR.EMPL.MA.ZS,69.099374
Nepal,NPL,2002,Fertilizer consumption (kilograms per hectare of arable land),AG.CON.FERT.ZS,16.680942
Nepal,NPL,2002,Food production index (2014-2016 = 100),AG.PRD.FOOD.XD,64.460000
Nepal,NPL,2002,Forest area (% of land area),AG.LND.FRST.ZS,40.579100
Nepal,NPL,2002,Forest area (sq. km),AG.LND.FRST.K2,58170.140000
Nepal,NPL,2002,Land area (sq. km),AG.LND.TOTL.K2,143350.000000
Nepal,NPL,2002,Livestock production index (2014-2016 = 100),AG.PRD.LVSK.XD,67.090000
Nepal,NPL,2002,Permanent cropland (% of land area),AG.LND.CROP.ZS,0.837112
Nepal,NPL,2002,Rural population (% of total population),SP.RUR.TOTL.ZS,85.760000
Nepal,NPL,2002,Rural population growth (annual %),SP.RUR.TOTL.ZG,1.179507
Nepal,NPL,2002,Surface area (sq. km),AG.SRF.TOTL.K2,147180.000000
Nepal,NPL,2003,"Access to electricity, rural (% of rural population)",EG.ELC.ACCS.RU.ZS,31.500000
Nepal,NPL,2003,Agricultural land (% of land area),AG.LND.AGRI.ZS,29.487269
Nepal,NPL,2003,Agricultural land (sq. km),AG.LND.AGRI.K2,42270.000000
Nepal,NPL,2003,Agricultural raw materials exports (% of merchandise exports),TX.VAL.AGRI.ZS.UN,1.075562
Nepal,NPL,2003,Agricultural raw materials imports (% of merchandise imports),TM.VAL.AGRI.ZS.UN,4.616465
Nepal,NPL,2003,"Agriculture, forestry, and fishing, value added (% of GDP)",NV.AGR.TOTL.ZS,35.105875
Nepal,NPL,2003,"Annual freshwater withdrawals, agriculture (% of total freshwater withdrawal)",ER.H2O.FWAG.ZS,97.865647
Nepal,NPL,2003,Arable land (% of land area),AG.LND.ARBL.ZS,16.149285
Nepal,NPL,2003,Arable land (hectares per person),AG.LND.ARBL.HA.PC,0.090117
Nepal,NPL,2003,Average precipitation in depth (mm per year),AG.LND.PRCP.MM,1500.000000
Nepal,NPL,2003,Cereal yield (kg per hectare),AG.YLD.CREL.KG,2287.400000
Nepal,NPL,2003,Crop production index (2014-2016 = 100),AG.PRD.CROP.XD,68.310000
Nepal,NPL,2003,Employment in agriculture (% of total employment) (modeled ILO estimate),SL.AGR.EMPL.ZS,73.368877
Nepal,NPL,2003,"Employment in agriculture, female (% of female employment) (modeled ILO estimate)",SL.AGR.EMPL.FE.ZS,86.149672
Nepal,NPL,2003,"Employment in agriculture, male (% of male employment) (modeled ILO estimate)",SL.AGR.EMPL.MA.ZS,68.782715
Nepal,NPL,2003,Fertilizer consumption (kilograms per hectare of arable land),AG.CON.FERT.ZS,5.058747
Nepal,NPL,2003,Food production index (2014-2016 = 100),AG.PRD.FOOD.XD,68.260000
Nepal,NPL,2003,Forest area (% of land area),AG.LND.FRST.ZS,40.705553
Nepal,NPL,2003,Forest area (sq. km),AG.LND.FRST.K2,58351.410000
Nepal,NPL,2003,Land area (sq. km),AG.LND.TOTL.K2,143350.000000
Nepal,NPL,2003,Livestock production index (2014-2016 = 100),AG.PRD.LVSK.XD,68.560000
Nepal,NPL,2003,Permanent cropland (% of land area),AG.LND.CROP.ZS,0.871992
Nepal,NPL,2003,Rural population (% of total population),SP.RUR.TOTL.ZS,85.462000
Nepal,NPL,2003,Rural population growth (annual %),SP.RUR.TOTL.ZG,1.062335
Nepal,NPL,2003,Surface area (sq. km),AG.SRF.TOTL.K2,147180.000000
Nepal,NPL,2004,"Access to electricity, rural (% of rural population)",EG.ELC.ACCS.RU.ZS,28.500000
Nepal,NPL,2004,Agricultural land (% of land area),AG.LND.AGRI.ZS,29.424486
Nepal,NPL,2004,Agricultural land (sq. km),AG.LND.AGRI.K2,42180.000000
Nepal,NPL,2004,"Agriculture, forestry, and fishing, value added (% of GDP)",NV.AGR.TOTL.ZS,34.676357
Nepal,NPL,2004,"Annual freshwater withdrawals, agriculture (% of total freshwater withdrawal)",ER.H2O.FWAG.ZS,98.000248
Nepal,NPL,2004,Arable land (% of land area),AG.LND.ARBL.ZS,16.044646
Nepal,NPL,2004,Arable land (hectares per person),AG.LND.ARBL.HA.PC,0.088405
Nepal,NPL,2004,Average precipitation in depth (mm per year),AG.LND.PRCP.MM,1500.000000
Nepal,NPL,2004,Cereal yield (kg per hectare),AG.YLD.CREL.KG,2273.700000
Nepal,NPL,2004,Crop production index (2014-2016 = 100),AG.PRD.CROP.XD,68.900000
Nepal,NPL,2004,Employment in agriculture (% of total employment) (modeled ILO estimate),SL.AGR.EMPL.ZS,73.139360
Nepal,NPL,2004,"Employment in agriculture, female (% of female employment) (modeled ILO estimate)",SL.AGR.EMPL.FE.ZS,86.085185
Nepal,NPL,2004,"Employment in agriculture, male (% of male employment) (modeled ILO estimate)",SL.AGR.EMPL.MA.ZS,68.391172
Nepal,NPL,2004,Fertilizer consumption (kilograms per hectare of arable land),AG.CON.FERT.ZS,8.025217
Nepal,NPL,2004,Food production index (2014-2016 = 100),AG.PRD.FOOD.XD,69.070000
Nepal,NPL,2004,Forest area (% of land area),AG.LND.FRST.ZS,40.832006
Nepal,NPL,2004,Forest area (sq. km),AG.LND.FRST.K2,58532.680000
Nepal,NPL,2004,Land area (sq. km),AG.LND.TOTL.K2,143350.000000
Nepal,NPL,2004,Livestock production index (2014-2016 = 100),AG.PRD.LVSK.XD,70.070000
Nepal,NPL,2004,Permanent cropland (% of land area),AG.LND.CROP.ZS,0.906871
Nepal,NPL,2004,Rural population (% of total population),SP.RUR.TOTL.ZS,85.159000
Nepal,NPL,2004,Rural population growth (annual %),SP.RUR.TOTL.ZG,0.913176
Nepal,NPL,2004,Surface area (sq. km),AG.SRF.TOTL.K2,147180.000000
Nepal,NPL,2005,"Access to electricity, rural (% of rural population)",EG.ELC.ACCS.RU.ZS,38.600000
Nepal,NPL,2005,Agricultural land (% of land area),AG.LND.AGRI.ZS,29.312871
Nepal,NPL,2005,Agricultural land (sq. km),AG.LND.AGRI.K2,42020.000000
Nepal,NPL,2005,"Agriculture, forestry, and fishing, value added (% of GDP)",NV.AGR.TOTL.ZS,33.824897
Nepal,NPL,2005,"Annual freshwater withdrawals, agriculture (% of total freshwater withdrawal)",ER.H2O.FWAG.ZS,98.135220
Nepal,NPL,2005,Arable land (% of land area),AG.LND.ARBL.ZS,15.905127
Nepal,NPL,2005,Arable land (hectares per person),AG.LND.ARBL.HA.PC,0.086661
Nepal,NPL,2005,Average precipitation in depth (mm per year),AG.LND.PRCP.MM,1500.000000
Nepal,NPL,2005,Cereal yield (kg per hectare),AG.YLD.CREL.KG,2282.400000
Nepal,NPL,2005,Crop production index (2014-2016 = 100),AG.PRD.CROP.XD,70.820000
Nepal,NPL,2005,Employment in agriculture (% of total employment) (modeled ILO estimate),SL.AGR.EMPL.ZS,72.772797
Nepal,NPL,2005,"Employment in agriculture, female (% of female employment) (modeled ILO estimate)",SL.AGR.EMPL.FE.ZS,86.138076
Nepal,NPL,2005,"Employment in agriculture, male (% of male employment) (modeled ILO estimate)",SL.AGR.EMPL.MA.ZS,67.746350
Nepal,NPL,2005,Fertilizer consumption (kilograms per hectare of arable land),AG.CON.FERT.ZS,3.568860
Nepal,NPL,2005,Food production index (2014-2016 = 100),AG.PRD.FOOD.XD,71.060000
Nepal,NPL,2005,Forest area (% of land area),AG.LND.FRST.ZS,40.958458
Nepal,NPL,2005,Forest area (sq. km),AG.LND.FRST.K2,58713.950000
Nepal,NPL,2005,Land area (sq. km),AG.LND.TOTL.K2,143350.000000
Nepal,NPL,2005,Livestock production index (2014-2016 = 100),AG.PRD.LVSK.XD,72.250000
Nepal,NPL,2005,Permanent cropland (% of land area),AG.LND.CROP.ZS,0.927799
Nepal,NPL,2005,Rural population (% of total population),SP.RUR.TOTL.ZS,84.851000
Nepal,NPL,2005,Rural population growth (annual %),SP.RUR.TOTL.ZG,0.756822
Nepal,NPL,2005,Surface area (sq. km),AG.SRF.TOTL.K2,147180.000000
Nepal,NPL,2006,"Access to electricity, rural (% of rural population)",EG.ELC.ACCS.RU.ZS,44.100000
Nepal,NPL,2006,Agricultural irrigated land (% of total agricultural land),AG.LND.IRIG.AG.ZS,24.635603
Nepal,NPL,2006,Agricultural land (% of land area),AG.LND.AGRI.ZS,29.194280
Nepal,NPL,2006,Agricultural land (sq. km),AG.LND.AGRI.K2,41850.000000
Nepal,NPL,2006,"Agriculture, forestry, and fishing, value added (% of GDP)",NV.AGR.TOTL.ZS,32.366485
Nepal,NPL,2006,"Annual freshwater withdrawals, agriculture (% of total freshwater withdrawal)",ER.H2O.FWAG.ZS,98.135220
Nepal,NPL,2006,Arable land (% of land area),AG.LND.ARBL.ZS,15.765609
Nepal,NPL,2006,Arable land (hectares per person),AG.LND.ARBL.HA.PC,0.085073
Nepal,NPL,2006,Average precipitation in depth (mm per year),AG.LND.PRCP.MM,1500.000000
Nepal,NPL,2006,Cereal yield (kg per hectare),AG.YLD.CREL.KG,2188.100000
Nepal,NPL,2006,Crop production index (2014-2016 = 100),AG.PRD.CROP.XD,69.130000
Nepal,NPL,2006,Employment in agriculture (% of total employment) (modeled ILO estimate),SL.AGR.EMPL.ZS,70.651494
Nepal,NPL,2006,"Employment in agriculture, female (% of female employment) (modeled ILO estimate)",SL.AGR.EMPL.FE.ZS,84.290449
Nepal,NPL,2006,"Employment in agriculture, male (% of male employment) (modeled ILO estimate)",SL.AGR.EMPL.MA.ZS,65.375003
Nepal,NPL,2006,Fertilizer consumption (kilograms per hectare of arable land),AG.CON.FERT.ZS,5.642035
Nepal,NPL,2006,Food production index (2014-2016 = 100),AG.PRD.FOOD.XD,70.150000
Nepal,NPL,2006,Forest area (% of land area),AG.LND.FRST.ZS,41.084911
Nepal,NPL,2006,Forest area (sq. km),AG.LND.FRST.K2,58895.220000
Nepal,NPL,2006,Land area (sq. km),AG.LND.TOTL.K2,143350.000000
Nepal,NPL,2006,Livestock production index (2014-2016 = 100),AG.PRD.LVSK.XD,73.920000
Nepal,NPL,2006,Permanent cropland (% of land area),AG.LND.CROP.ZS,0.941751
Nepal,NPL,2006,Rural population (% of total population),SP.RUR.TOTL.ZS,84.538000
Nepal,NPL,2006,Rural population growth (annual %),SP.RUR.TOTL.ZG,0.598643
Nepal,NPL,2006,Surface area (sq. km),AG.SRF.TOTL.K2,147180.000000
Nepal,NPL,2007,"Access to electricity, rural (% of rural population)",EG.ELC.ACCS.RU.ZS,45.800000
Nepal,NPL,2007,Agricultural irrigated land (% of total agricultural land),AG.LND.IRIG.AG.ZS,25.420067
Nepal,NPL,2007,Agricultural land (% of land area),AG.LND.AGRI.ZS,29.061737
Nepal,NPL,2007,Agricultural land (sq. km),AG.LND.AGRI.K2,41660.000000
Nepal,NPL,2007,"Agriculture, forestry, and fishing, value added (% of GDP)",NV.AGR.TOTL.ZS,31.164411
Nepal,NPL,2007,"Annual freshwater withdrawals, agriculture (% of total freshwater withdrawal)",ER.H2O.FWAG.ZS,98.135220
Nepal,NPL,2007,Arable land (% of land area),AG.LND.ARBL.ZS,15.626090
Nepal,NPL,2007,Arable land (hectares per person),AG.LND.ARBL.HA.PC,0.083618
Nepal,NPL,2007,Average precipitation in depth (mm per year),AG.LND.PRCP.MM,1500.000000
Nepal,NPL,2007,Cereal yield (kg per hectare),AG.YLD.CREL.KG,2323.000000
Nepal,NPL,2007,Crop production index (2014-2016 = 100),AG.PRD.CROP.XD,74.710000
Nepal,NPL,2007,Employment in agriculture (% of total employment) (modeled ILO estimate),SL.AGR.EMPL.ZS,69.558256
Nepal,NPL,2007,"Employment in agriculture, female (% of female employment) (modeled ILO estimate)",SL.AGR.EMPL.FE.ZS,83.482959
Nepal,NPL,2007,"Employment in agriculture, male (% of male employment) (modeled ILO estimate)",SL.AGR.EMPL.MA.ZS,64.002094
Nepal,NPL,2007,Fertilizer consumption (kilograms per hectare of arable land),AG.CON.FERT.ZS,1.608929
Nepal,NPL,2007,Food production index (2014-2016 = 100),AG.PRD.FOOD.XD,75.030000
Nepal,NPL,2007,Forest area (% of land area),AG.LND.FRST.ZS,41.211364
Nepal,NPL,2007,Forest area (sq. km),AG.LND.FRST.K2,59076.490000
Nepal,NPL,2007,Land area (sq. km),AG.LND.TOTL.K2,143350.000000
Nepal,NPL,2007,Livestock production index (2014-2016 = 100),AG.PRD.LVSK.XD,76.420000
Nepal,NPL,2007,Permanent cropland (% of land area),AG.LND.CROP.ZS,0.941751
Nepal,NPL,2007,Rural population (% of total population),SP.RUR.TOTL.ZS,84.219000
Nepal,NPL,2007,Rural population growth (annual %),SP.RUR.TOTL.ZG,0.458124
Nepal,NPL,2007,Surface area (sq. km),AG.SRF.TOTL.K2,147180.000000
Nepal,NPL,2008,"Access to electricity, rural (% of rural population)",EG.ELC.ACCS.RU.ZS,49.500000
Nepal,NPL,2008,Agricultural irrigated land (% of total agricultural land),AG.LND.IRIG.AG.ZS,25.867052
Nepal,NPL,2008,Agricultural land (% of land area),AG.LND.AGRI.ZS,28.964074
Nepal,NPL,2008,Agricultural land (sq. km),AG.LND.AGRI.K2,41520.000000
Nepal,NPL,2008,"Agriculture, forestry, and fishing, value added (% of GDP)",NV.AGR.TOTL.ZS,30.305716
Nepal,NPL,2008,"Annual freshwater withdrawals, agriculture (% of total freshwater withdrawal)",ER.H2O.FWAG.ZS,98.135220
Nepal,NPL,2008,Arable land (% of land area),AG.LND.ARBL.ZS,15.486571
Nepal,NPL,2008,Arable land (hectares per person),AG.LND.ARBL.HA.PC,0.082253
Nepal,NPL,2008,Average precipitation in depth (mm per year),AG.LND.PRCP.MM,1500.000000
Nepal,NPL,2008,Cereal yield (kg per hectare),AG.YLD.CREL.KG,2417.000000
Nepal,NPL,2008,Crop production index (2014-2016 = 100),AG.PRD.CROP.XD,78.530000
Nepal,NPL,2008,Employment in agriculture (% of total employment) (modeled ILO estimate),SL.AGR.EMPL.ZS,68.674040
Nepal,NPL,2008,"Employment in agriculture, female (% of female employment) (modeled ILO estimate)",SL.AGR.EMPL.FE.ZS,82.742751
Nepal,NPL,2008,"Employment in agriculture, male (% of male employment) (modeled ILO estimate)",SL.AGR.EMPL.MA.ZS,62.861721
Nepal,NPL,2008,Fertilizer consumption (kilograms per hectare of arable land),AG.CON.FERT.ZS,1.364865
Nepal,NPL,2008,Food production index (2014-2016 = 100),AG.PRD.FOOD.XD,78.410000
Nepal,NPL,2008,Forest area (% of land area),AG.LND.FRST.ZS,41.337817
Nepal,NPL,2008,Forest area (sq. km),AG.LND.FRST.K2,59257.760000
Nepal,NPL,2008,Land area (sq. km),AG.LND.TOTL.K2,143350.000000
Nepal,NPL,2008,Livestock production index (2014-2016 = 100),AG.PRD.LVSK.XD,78.340000
Nepal,NPL,2008,Permanent cropland (% of land area),AG.LND.CROP.ZS,0.976631
Nepal,NPL,2008,Rural population (% of total population),SP.RUR.TOTL.ZS,83.895000
Nepal,NPL,2008,Rural population growth (annual %),SP.RUR.TOTL.ZG,0.364090
Nepal,NPL,2008,Surface area (sq. km),AG.SRF.TOTL.K2,147180.000000
Nepal,NPL,2009,"Access to electricity, rural (% of rural population)",EG.ELC.ACCS.RU.ZS,53.200000
Nepal,NPL,2009,Agricultural irrigated land (% of total agricultural land),AG.LND.IRIG.AG.ZS,26.400966
Nepal,NPL,2009,Agricultural land (% of land area),AG.LND.AGRI.ZS,28.880363
Nepal,NPL,2009,Agricultural land (sq. km),AG.LND.AGRI.K2,41400.000000
Nepal,NPL,2009,Agricultural raw materials exports (% of merchandise exports),TX.VAL.AGRI.ZS.UN,2.894776
Nepal,NPL,2009,Agricultural raw materials imports (% of merchandise imports),TM.VAL.AGRI.ZS.UN,1.867530
Nepal,NPL,2009,"Agriculture, forestry, and fishing, value added (% of GDP)",NV.AGR.TOTL.ZS,31.322652
Nepal,NPL,2009,"Annual freshwater withdrawals, agriculture (% of total freshwater withdrawal)",ER.H2O.FWAG.ZS,98.135220
Nepal,NPL,2009,Arable land (% of land area),AG.LND.ARBL.ZS,15.347053
Nepal,NPL,2009,Arable land (hectares per person),AG.LND.ARBL.HA.PC,0.080963
Nepal,NPL,2009,Average precipitation in depth (mm per year),AG.LND.PRCP.MM,1500.000000
Nepal,NPL,2009,Cereal yield (kg per hectare),AG.YLD.CREL.KG,2272.800000
Nepal,NPL,2009,Crop production index (2014-2016 = 100),AG.PRD.CROP.XD,78.130000
Nepal,NPL,2009,Employment in agriculture (% of total employment) (modeled ILO estimate),SL.AGR.EMPL.ZS,67.991340
Nepal,NPL,2009,"Employment in agriculture, female (% of female employment) (modeled ILO estimate)",SL.AGR.EMPL.FE.ZS,82.008894
Nepal,NPL,2009,"Employment in agriculture, male (% of male employment) (modeled ILO estimate)",SL.AGR.EMPL.MA.ZS,61.975565
Nepal,NPL,2009,Fertilizer consumption (kilograms per hectare of arable land),AG.CON.FERT.ZS,18.202727
Nepal,NPL,2009,Food production index (2014-2016 = 100),AG.PRD.FOOD.XD,78.910000
Nepal,NPL,2009,Forest area (% of land area),AG.LND.FRST.ZS,41.464269
Nepal,NPL,2009,Forest area (sq. km),AG.LND.FRST.K2,59439.030000
Nepal,NPL,2009,Land area (sq. km),AG.LND.TOTL.K2,143350.000000
Nepal,NPL,2009,Livestock production index (2014-2016 = 100),AG.PRD.LVSK.XD,81.790000
Nepal,NPL,2009,Permanent cropland (% of land area),AG.LND.CROP.ZS,1.025462
Nepal,NPL,2009,Rural population (% of total population),SP.RUR.TOTL.ZS,83.566000
Nepal,NPL,2009,Rural population growth (annual %),SP.RUR.TOTL.ZG,0.282801
Nepal,NPL,2009,Surface area (sq. km),AG.SRF.TOTL.K2,147180.000000
Nepal,NPL,2010,"Access to electricity, rural (% of rural population)",EG.ELC.ACCS.RU.ZS,63.200000
Nepal,NPL,2010,Agricultural irrigated land (% of total agricultural land),AG.LND.IRIG.AG.ZS,29.738245
Nepal,NPL,2010,Agricultural land (% of land area),AG.LND.AGRI.ZS,28.782700
Nepal,NPL,2010,Agricultural land (sq. km),AG.LND.AGRI.K2,41260.000000
Nepal,NPL,2010,Agricultural raw materials exports (% of merchandise exports),TX.VAL.AGRI.ZS.UN,3.932307
Nepal,NPL,2010,Agricultural raw materials imports (% of merchandise imports),TM.VAL.AGRI.ZS.UN,1.815184
Nepal,NPL,2010,"Agriculture, forestry, and fishing, value added (% of GDP)",NV.AGR.TOTL.ZS,33.179378
Nepal,NPL,2010,"Annual freshwater withdrawals, agriculture (% of total freshwater withdrawal)",ER.H2O.FWAG.ZS,98.135220
Nepal,NPL,2010,Arable land (% of land area),AG.LND.ARBL.ZS,15.207534
Nepal,NPL,2010,Arable land (hectares per person),AG.LND.ARBL.HA.PC,0.079731
Nepal,NPL,2010,Average precipitation in depth (mm per year),AG.LND.PRCP.MM,1500.000000
Nepal,NPL,2010,Cereal yield (kg per hectare),AG.YLD.CREL.KG,2407.800000
Nepal,NPL,2010,Crop production index (2014-2016 = 100),AG.PRD.CROP.XD,84.060000
Nepal,NPL,2010,Employment in agriculture (% of total employment) (modeled ILO estimate),SL.AGR.EMPL.ZS,67.505630
Nepal,NPL,2010,"Employment in agriculture, female (% of female employment) (modeled ILO estimate)",SL.AGR.EMPL.FE.ZS,81.330676
Nepal,NPL,2010,"Employment in agriculture, male (% of male employment) (modeled ILO estimate)",SL.AGR.EMPL.MA.ZS,61.330933
Nepal,NPL,2010,Fertilizer consumption (kilograms per hectare of arable land),AG.CON.FERT.ZS,25.086697
Nepal,NPL,2010,Food production index (2014-2016 = 100),AG.PRD.FOOD.XD,83.870000
Nepal,NPL,2010,Forest area (% of land area),AG.LND.FRST.ZS,41.590722
Nepal,NPL,2010,Forest area (sq. km),AG.LND.FRST.K2,59620.300000
Nepal,NPL,2010,Land area (sq. km),AG.LND.TOTL.K2,143350.000000
Nepal,NPL,2010,Livestock production index (2014-2016 = 100),AG.PRD.LVSK.XD,83.590000
Nepal,NPL,2010,Permanent cropland (% of land area),AG.LND.CROP.ZS,1.060342
Nepal,NPL,2010,Rural population (% of total population),SP.RUR.TOTL.ZS,83.232000
Nepal,NPL,2010,Rural population growth (annual %),SP.RUR.TOTL.ZG,0.219225
Nepal,NPL,2010,Surface area (sq. km),AG.SRF.TOTL.K2,147180.000000
Nepal,NPL,2011,"Access to electricity, rural (% of rural population)",EG.ELC.ACCS.RU.ZS,61.700000
Nepal,NPL,2011,Agricultural land (% of land area),AG.LND.AGRI.ZS,28.786885
Nepal,NPL,2011,Agricultural land (sq. km),AG.LND.AGRI.K2,41266.000000
Nepal,NPL,2011,Agricultural raw materials exports (% of merchandise exports),TX.VAL.AGRI.ZS.UN,3.236040
Nepal,NPL,2011,Agricultural raw materials imports (% of merchandise imports),TM.VAL.AGRI.ZS.UN,2.209148
Nepal,NPL,2011,"Agriculture, forestry, and fishing, value added (% of GDP)",NV.AGR.TOTL.ZS,30.805485
Nepal,NPL,2011,"Annual freshwater withdrawals, agriculture (% of total freshwater withdrawal)",ER.H2O.FWAG.ZS,98.135220
Nepal,NPL,2011,Arable land (% of land area),AG.LND.ARBL.ZS,15.086850
Nepal,NPL,2011,Arable land (hectares per person),AG.LND.ARBL.HA.PC,0.078745
Nepal,NPL,2011,Average precipitation in depth (mm per year),AG.LND.PRCP.MM,1500.000000
Nepal,NPL,2011,Cereal yield (kg per hectare),AG.YLD.CREL.KG,2626.000000
Nepal,NPL,2011,Crop production index (2014-2016 = 100),AG.PRD.CROP.XD,92.170000
Nepal,NPL,2011,Employment in agriculture (% of total employment) (modeled ILO estimate),SL.AGR.EMPL.ZS,67.146939
Nepal,NPL,2011,"Employment in agriculture, female (% of female employment) (modeled ILO estimate)",SL.AGR.EMPL.FE.ZS,80.724747
Nepal,NPL,2011,"Employment in agriculture, male (% of male employment) (modeled ILO estimate)",SL.AGR.EMPL.MA.ZS,60.822569
Nepal,NPL,2011,Fertilizer consumption (kilograms per hectare of arable land),AG.CON.FERT.ZS,35.809867
Nepal,NPL,2011,Food production index (2014-2016 = 100),AG.PRD.FOOD.XD,91.140000
Nepal,NPL,2011,Forest area (% of land area),AG.LND.FRST.ZS,41.590722
Nepal,NPL,2011,Forest area (sq. km),AG.LND.FRST.K2,59620.300000
Nepal,NPL,2011,Land area (sq. km),AG.LND.TOTL.K2,143350.000000
Nepal,NPL,2011,Livestock production index (2014-2016 = 100),AG.PRD.LVSK.XD,87.770000
Nepal,NPL,2011,Permanent cropland (% of land area),AG.LND.CROP.ZS,1.176142
Nepal,NPL,2011,Rural population (% of total population),SP.RUR.TOTL.ZS,82.892000
Nepal,NPL,2011,Rural population growth (annual %),SP.RUR.TOTL.ZG,0.037849
Nepal,NPL,2011,Surface area (sq. km),AG.SRF.TOTL.K2,147180.000000
Nepal,NPL,2012,"Access to electricity, rural (% of rural population)",EG.ELC.ACCS.RU.ZS,70.900000
Nepal,NPL,2012,Agricultural land (% of land area),AG.LND.AGRI.ZS,28.515140
Nepal,NPL,2012,Agricultural land (sq. km),AG.LND.AGRI.K2,41210.000000
Nepal,NPL,2012,Agricultural raw materials exports (% of merchandise exports),TX.VAL.AGRI.ZS.UN,3.306874
Nepal,NPL,2012,Agricultural raw materials imports (% of merchandise imports),TM.VAL.AGRI.ZS.UN,1.326942
Nepal,NPL,2012,"Agriculture, forestry, and fishing, value added (% of GDP)",NV.AGR.TOTL.ZS,30.076057
Nepal,NPL,2012,"Annual freshwater withdrawals, agriculture (% of total freshwater withdrawal)",ER.H2O.FWAG.ZS,98.135220
Nepal,NPL,2012,Arable land (% of land area),AG.LND.ARBL.ZS,14.859245
Nepal,NPL,2012,Arable land (hectares per person),AG.LND.ARBL.HA.PC,0.076921
Nepal,NPL,2012,Average precipitation in depth (mm per year),AG.LND.PRCP.MM,1500.000000
Nepal,NPL,2012,Cereal yield (kg per hectare),AG.YLD.CREL.KG,2635.200000
Nepal,NPL,2012,Crop production index (2014-2016 = 100),AG.PRD.CROP.XD,94.580000
Nepal,NPL,2012,Employment in agriculture (% of total employment) (modeled ILO estimate),SL.AGR.EMPL.ZS,66.605724
Nepal,NPL,2012,"Employment in agriculture, female (% of female employment) (modeled ILO estimate)",SL.AGR.EMPL.FE.ZS,80.061833
Nepal,NPL,2012,"Employment in agriculture, male (% of male employment) (modeled ILO estimate)",SL.AGR.EMPL.MA.ZS,60.071782
Nepal,NPL,2012,Fertilizer consumption (kilograms per hectare of arable land),AG.CON.FERT.ZS,26.543695
Nepal,NPL,2012,Food production index (2014-2016 = 100),AG.PRD.FOOD.XD,94.000000
Nepal,NPL,2012,Forest area (% of land area),AG.LND.FRST.ZS,41.590722
Nepal,NPL,2012,Forest area (sq. km),AG.LND.FRST.K2,59620.300000
Nepal,NPL,2012,Land area (sq. km),AG.LND.TOTL.K2,143350.000000
Nepal,NPL,2012,Livestock production index (2014-2016 = 100),AG.PRD.LVSK.XD,92.270000
Nepal,NPL,2012,Permanent cropland (% of land area),AG.LND.CROP.ZS,1.134096
Nepal,NPL,2012,Rural population (% of total population),SP.RUR.TOTL.ZS,82.542000
Nepal,NPL,2012,Rural population growth (annual %),SP.RUR.TOTL.ZG,-0.167047
Nepal,NPL,2012,Surface area (sq. km),AG.SRF.TOTL.K2,147180.000000
Nepal,NPL,2013,"Access to electricity, rural (% of rural population)",EG.ELC.ACCS.RU.ZS,73.500000
Nepal,NPL,2013,Agricultural land (% of land area),AG.LND.AGRI.ZS,28.295724
Nepal,NPL,2013,Agricultural land (sq. km),AG.LND.AGRI.K2,41210.000000
Nepal,NPL,2013,Agricultural raw materials exports (% of merchandise exports),TX.VAL.AGRI.ZS.UN,2.992509
Nepal,NPL,2013,Agricultural raw materials imports (% of merchandise imports),TM.VAL.AGRI.ZS.UN,1.910011
Nepal,NPL,2013,"Agriculture, forestry, and fishing, value added (% of GDP)",NV.AGR.TOTL.ZS,28.622658
Nepal,NPL,2013,"Annual freshwater withdrawals, agriculture (% of total freshwater withdrawal)",ER.H2O.FWAG.ZS,98.135220
Nepal,NPL,2013,Arable land (% of land area),AG.LND.ARBL.ZS,14.631639
Nepal,NPL,2013,Arable land (hectares per person),AG.LND.ARBL.HA.PC,0.076622
Nepal,NPL,2013,Average precipitation in depth (mm per year),AG.LND.PRCP.MM,1500.000000
Nepal,NPL,2013,Cereal yield (kg per hectare),AG.YLD.CREL.KG,2678.900000
Nepal,NPL,2013,Crop production index (2014-2016 = 100),AG.PRD.CROP.XD,96.480000
Nepal,NPL,2013,Employment in agriculture (% of total employment) (modeled ILO estimate),SL.AGR.EMPL.ZS,66.064509
Nepal,NPL,2013,"Employment in agriculture, female (% of female employment) (modeled ILO estimate)",SL.AGR.EMPL.FE.ZS,79.311337
Nepal,NPL,2013,"Employment in agriculture, male (% of male employment) (modeled ILO estimate)",SL.AGR.EMPL.MA.ZS,59.376344
Nepal,NPL,2013,Fertilizer consumption (kilograms per hectare of arable land),AG.CON.FERT.ZS,54.874847
Nepal,NPL,2013,Food production index (2014-2016 = 100),AG.PRD.FOOD.XD,96.260000
Nepal,NPL,2013,Forest area (% of land area),AG.LND.FRST.ZS,41.590722
Nepal,NPL,2013,Forest area (sq. km),AG.LND.FRST.K2,59620.300000
Nepal,NPL,2013,Land area (sq. km),AG.LND.TOTL.K2,143350.000000
Nepal,NPL,2013,Livestock production index (2014-2016 = 100),AG.PRD.LVSK.XD,95.720000
Nepal,NPL,2013,Permanent cropland (% of land area),AG.LND.CROP.ZS,1.142286
Nepal,NPL,2013,Rural population (% of total population),SP.RUR.TOTL.ZS,82.185000
Nepal,NPL,2013,Rural population growth (annual %),SP.RUR.TOTL.ZG,-0.233607
Nepal,NPL,2013,Surface area (sq. km),AG.SRF.TOTL.K2,147180.000000
Nepal,NPL,2014,"Access to electricity, rural (% of rural population)",EG.ELC.ACCS.RU.ZS,82.100000
Nepal,NPL,2014,Agricultural land (% of land area),AG.LND.AGRI.ZS,28.167539
Nepal,NPL,2014,Agricultural land (sq. km),AG.LND.AGRI.K2,41210.000000
Nepal,NPL,2014,Agricultural raw materials exports (% of merchandise exports),TX.VAL.AGRI.ZS.UN,2.920746
Nepal,NPL,2014,Agricultural raw materials imports (% of merchandise imports),TM.VAL.AGRI.ZS.UN,1.491482
Nepal,NPL,2014,"Agriculture, forestry, and fishing, value added (% of GDP)",NV.AGR.TOTL.ZS,27.461895
Nepal,NPL,2014,"Annual freshwater withdrawals, agriculture (% of total freshwater withdrawal)",ER.H2O.FWAG.ZS,98.135220
Nepal,NPL,2014,Arable land (% of land area),AG.LND.ARBL.ZS,14.404033
Nepal,NPL,2014,Arable land (hectares per person),AG.LND.ARBL.HA.PC,0.076383
Nepal,NPL,2014,Average precipitation in depth (mm per year),AG.LND.PRCP.MM,1500.000000
Nepal,NPL,2014,Cereal yield (kg per hectare),AG.YLD.CREL.KG,2721.800000
Nepal,NPL,2014,Crop production index (2014-2016 = 100),AG.PRD.CROP.XD,98.000000
Nepal,NPL,2014,Employment in agriculture (% of total employment) (modeled ILO estimate),SL.AGR.EMPL.ZS,65.404870
Nepal,NPL,2014,"Employment in agriculture, female (% of female employment) (modeled ILO estimate)",SL.AGR.EMPL.FE.ZS,78.535900
Nepal,NPL,2014,"Employment in agriculture, male (% of male employment) (modeled ILO estimate)",SL.AGR.EMPL.MA.ZS,58.526303
Nepal,NPL,2014,Fertilizer consumption (kilograms per hectare of arable land),AG.CON.FERT.ZS,68.965248
Nepal,NPL,2014,Food production index (2014-2016 = 100),AG.PRD.FOOD.XD,97.660000
Nepal,NPL,2014,Forest area (% of land area),AG.LND.FRST.ZS,41.590722
Nepal,NPL,2014,Forest area (sq. km),AG.LND.FRST.K2,59620.300000
Nepal,NPL,2014,Land area (sq. km),AG.LND.TOTL.K2,143350.000000
Nepal,NPL,2014,Livestock production index (2014-2016 = 100),AG.PRD.LVSK.XD,96.670000
Nepal,NPL,2014,Permanent cropland (% of land area),AG.LND.CROP.ZS,1.239613
Nepal,NPL,2014,Rural population (% of total population),SP.RUR.TOTL.ZS,81.818000
Nepal,NPL,2014,Rural population growth (annual %),SP.RUR.TOTL.ZG,-0.149431
Nepal,NPL,2014,Surface area (sq. km),AG.SRF.TOTL.K2,147180.000000
Nepal,NPL,2015,"Access to electricity, rural (% of rural population)",EG.ELC.ACCS.RU.ZS,79.000000
Nepal,NPL,2015,Agricultural land (% of land area),AG.LND.AGRI.ZS,27.964052
Nepal,NPL,2015,Agricultural land (sq. km),AG.LND.AGRI.K2,41210.000000
Nepal,NPL,2015,Agricultural raw materials exports (% of merchandise exports),TX.VAL.AGRI.ZS.UN,3.108097
Nepal,NPL,2015,Agricultural raw materials imports (% of merchandise imports),TM.VAL.AGRI.ZS.UN,1.759592
Nepal,NPL,2015,"Agriculture, forestry, and fishing, value added (% of GDP)",NV.AGR.TOTL.ZS,26.518508
Nepal,NPL,2015,"Annual freshwater withdrawals, agriculture (% of total freshwater withdrawal)",ER.H2O.FWAG.ZS,98.135220
Nepal,NPL,2015,Arable land (% of land area),AG.LND.ARBL.ZS,14.176428
Nepal,NPL,2015,Arable land (hectares per person),AG.LND.ARBL.HA.PC,0.075968
Nepal,NPL,2015,Average precipitation in depth (mm per year),AG.LND.PRCP.MM,1500.000000
Nepal,NPL,2015,Cereal yield (kg per hectare),AG.YLD.CREL.KG,2647.900000
Nepal,NPL,2015,Crop production index (2014-2016 = 100),AG.PRD.CROP.XD,96.320000
Nepal,NPL,2015,Employment in agriculture (% of total employment) (modeled ILO estimate),SL.AGR.EMPL.ZS,64.740111
Nepal,NPL,2015,"Employment in agriculture, female (% of female employment) (modeled ILO estimate)",SL.AGR.EMPL.FE.ZS,77.687111
Nepal,NPL,2015,"Employment in agriculture, male (% of male employment) (modeled ILO estimate)",SL.AGR.EMPL.MA.ZS,57.728266
Nepal,NPL,2015,Fertilizer consumption (kilograms per hectare of arable land),AG.CON.FERT.ZS,77.086784
Nepal,NPL,2015,Food production index (2014-2016 = 100),AG.PRD.FOOD.XD,96.720000
Nepal,NPL,2015,Forest area (% of land area),AG.LND.FRST.ZS,41.590722
Nepal,NPL,2015,Forest area (sq. km),AG.LND.FRST.K2,59620.300000
Nepal,NPL,2015,Land area (sq. km),AG.LND.TOTL.K2,143350.000000
Nepal,NPL,2015,Livestock production index (2014-2016 = 100),AG.PRD.LVSK.XD,98.100000
Nepal,NPL,2015,Permanent cropland (% of land area),AG.LND.CROP.ZS,1.263731
Nepal,NPL,2015,Rural land area (sq. km),AG.LND.TOTL.RU.K2,140132.783502
Nepal,NPL,2015,Rural land area where elevation is below 5 meters (% of total land area),AG.LND.EL5M.RU.ZS,0.000000
Nepal,NPL,2015,Rural land area where elevation is below 5 meters (sq. km),AG.LND.EL5M.RU.K2,0.000000
Nepal,NPL,2015,Rural population (% of total population),SP.RUR.TOTL.ZS,81.443000
Nepal,NPL,2015,Rural population growth (annual %),SP.RUR.TOTL.ZG,0.085728
Nepal,NPL,2015,Rural population living in areas where elevation is below 5 meters (% of total population),EN.POP.EL5M.RU.ZS,0.000000
Nepal,NPL,2015,Surface area (sq. km),AG.SRF.TOTL.K2,147180.000000
Nepal,NPL,2016,"Access to electricity, rural (% of rural population)",EG.ELC.ACCS.RU.ZS,89.800000
Nepal,NPL,2016,Agricultural land (% of land area),AG.LND.AGRI.ZS,27.731218
Nepal,NPL,2016,Agricultural land (sq. km),AG.LND.AGRI.K2,41210.000000
Nepal,NPL,2016,Agricultural raw materials exports (% of merchandise exports),TX.VAL.AGRI.ZS.UN,3.306884
Nepal,NPL,2016,Agricultural raw materials imports (% of merchandise imports),TM.VAL.AGRI.ZS.UN,1.629177
Nepal,NPL,2016,"Agriculture, forestry, and fishing, value added (% of GDP)",NV.AGR.TOTL.ZS,25.517875
Nepal,NPL,2016,"Annual freshwater withdrawals, agriculture (% of total freshwater withdrawal)",ER.H2O.FWAG.ZS,98.135220
Nepal,NPL,2016,Arable land (% of land area),AG.LND.ARBL.ZS,13.948822
Nepal,NPL,2016,Arable land (hectares per person),AG.LND.ARBL.HA.PC,0.075610
Nepal,NPL,2016,Average precipitation in depth (mm per year),AG.LND.PRCP.MM,1500.000000
Nepal,NPL,2016,Cereal yield (kg per hectare),AG.YLD.CREL.KG,2730.500000
Nepal,NPL,2016,Crop production index (2014-2016 = 100),AG.PRD.CROP.XD,105.670000
Nepal,NPL,2016,Employment in agriculture (% of total employment) (modeled ILO estimate),SL.AGR.EMPL.ZS,64.242158
Nepal,NPL,2016,"Employment in agriculture, female (% of female employment) (modeled ILO estimate)",SL.AGR.EMPL.FE.ZS,76.855298
Nepal,NPL,2016,"Employment in agriculture, male (% of male employment) (modeled ILO estimate)",SL.AGR.EMPL.MA.ZS,57.210123
Nepal,NPL,2016,Fertilizer consumption (kilograms per hectare of arable land),AG.CON.FERT.ZS,78.944016
Nepal,NPL,2016,Food production index (2014-2016 = 100),AG.PRD.FOOD.XD,105.610000
Nepal,NPL,2016,Forest area (% of land area),AG.LND.FRST.ZS,41.590722
Nepal,NPL,2016,Forest area (sq. km),AG.LND.FRST.K2,59620.300000
Nepal,NPL,2016,Land area (sq. km),AG.LND.TOTL.K2,143350.000000
Nepal,NPL,2016,Livestock production index (2014-2016 = 100),AG.PRD.LVSK.XD,105.230000
Nepal,NPL,2016,Permanent cropland (% of land area),AG.LND.CROP.ZS,1.258504
Nepal,NPL,2016,Rural population (% of total population),SP.RUR.TOTL.ZS,81.058000
Nepal,NPL,2016,Rural population growth (annual %),SP.RUR.TOTL.ZG,-0.001147
Nepal,NPL,2016,Surface area (sq. km),AG.SRF.TOTL.K2,147180.000000
Nepal,NPL,2017,"Access to electricity, rural (% of rural population)",EG.ELC.ACCS.RU.ZS,84.600000
Nepal,NPL,2017,Agricultural land (% of land area),AG.LND.AGRI.ZS,27.540079
Nepal,NPL,2017,Agricultural land (sq. km),AG.LND.AGRI.K2,41210.000000
Nepal,NPL,2017,Agricultural raw materials exports (% of merchandise exports),TX.VAL.AGRI.ZS.UN,3.801711
Nepal,NPL,2017,Agricultural raw materials imports (% of merchandise imports),TM.VAL.AGRI.ZS.UN,1.377212
Nepal,NPL,2017,"Agriculture, forestry, and fishing, value added (% of GDP)",NV.AGR.TOTL.ZS,23.699548
Nepal,NPL,2017,"Annual freshwater withdrawals, agriculture (% of total freshwater withdrawal)",ER.H2O.FWAG.ZS,98.135220
Nepal,NPL,2017,Arable land (% of land area),AG.LND.ARBL.ZS,13.721217
Nepal,NPL,2017,Arable land (hectares per person),AG.LND.ARBL.HA.PC,0.075459
Nepal,NPL,2017,Average precipitation in depth (mm per year),AG.LND.PRCP.MM,1500.000000
Nepal,NPL,2017,Cereal yield (kg per hectare),AG.YLD.CREL.KG,2840.700000
Nepal,NPL,2017,Crop production index (2014-2016 = 100),AG.PRD.CROP.XD,104.940000
Nepal,NPL,2017,Employment in agriculture (% of total employment) (modeled ILO estimate),SL.AGR.EMPL.ZS,63.485479
Nepal,NPL,2017,"Employment in agriculture, female (% of female employment) (modeled ILO estimate)",SL.AGR.EMPL.FE.ZS,76.072251
Nepal,NPL,2017,"Employment in agriculture, male (% of male employment) (modeled ILO estimate)",SL.AGR.EMPL.MA.ZS,56.294454
Nepal,NPL,2017,Fertilizer consumption (kilograms per hectare of arable land),AG.CON.FERT.ZS,70.401565
Nepal,NPL,2017,Food production index (2014-2016 = 100),AG.PRD.FOOD.XD,105.830000
Nepal,NPL,2017,Forest area (% of land area),AG.LND.FRST.ZS,41.590722
Nepal,NPL,2017,Forest area (sq. km),AG.LND.FRST.K2,59620.300000
Nepal,NPL,2017,Land area (sq. km),AG.LND.TOTL.K2,143350.000000
Nepal,NPL,2017,Livestock production index (2014-2016 = 100),AG.PRD.LVSK.XD,108.730000
Nepal,NPL,2017,Permanent cropland (% of land area),AG.LND.CROP.ZS,1.294970
Nepal,NPL,2017,Rural population (% of total population),SP.RUR.TOTL.ZS,80.664000
Nepal,NPL,2017,Rural population growth (annual %),SP.RUR.TOTL.ZG,-0.287866
Nepal,NPL,2017,Surface area (sq. km),AG.SRF.TOTL.K2,147180.000000
Nepal,NPL,2018,"Access to electricity, rural (% of rural population)",EG.ELC.ACCS.RU.ZS,93.500000
Nepal,NPL,2018,Agricultural land (% of land area),AG.LND.AGRI.ZS,26.973325
Nepal,NPL,2018,Agricultural land (sq. km),AG.LND.AGRI.K2,41210.000000
Nepal,NPL,2018,Agricultural raw materials exports (% of merchandise exports),TX.VAL.AGRI.ZS.UN,4.307551
Nepal,NPL,2018,Agricultural raw materials imports (% of merchandise imports),TM.VAL.AGRI.ZS.UN,1.243975
Nepal,NPL,2018,"Agriculture, forestry, and fishing, value added (% of GDP)",NV.AGR.TOTL.ZS,22.334672
Nepal,NPL,2018,"Annual freshwater withdrawals, agriculture (% of total freshwater withdrawal)",ER.H2O.FWAG.ZS,98.135220
Nepal,NPL,2018,Arable land (% of land area),AG.LND.ARBL.ZS,13.493611
Nepal,NPL,2018,Arable land (hectares per person),AG.LND.ARBL.HA.PC,0.075275
Nepal,NPL,2018,Average precipitation in depth (mm per year),AG.LND.PRCP.MM,1500.000000
Nepal,NPL,2018,Cereal yield (kg per hectare),AG.YLD.CREL.KG,3045.900000
Nepal,NPL,2018,Crop production index (2014-2016 = 100),AG.PRD.CROP.XD,108.150000
Nepal,NPL,2018,Employment in agriculture (% of total employment) (modeled ILO estimate),SL.AGR.EMPL.ZS,62.813674
Nepal,NPL,2018,"Employment in agriculture, female (% of female employment) (modeled ILO estimate)",SL.AGR.EMPL.FE.ZS,75.261491
Nepal,NPL,2018,"Employment in agriculture, male (% of male employment) (modeled ILO estimate)",SL.AGR.EMPL.MA.ZS,55.567863
Nepal,NPL,2018,Fertilizer consumption (kilograms per hectare of arable land),AG.CON.FERT.ZS,94.941910
Nepal,NPL,2018,Food production index (2014-2016 = 100),AG.PRD.FOOD.XD,109.920000
Nepal,NPL,2018,Forest area (% of land area),AG.LND.FRST.ZS,41.590722
Nepal,NPL,2018,Forest area (sq. km),AG.LND.FRST.K2,59620.300000
Nepal,NPL,2018,Land area (sq. km),AG.LND.TOTL.K2,143350.000000
Nepal,NPL,2018,Livestock production index (2014-2016 = 100),AG.PRD.LVSK.XD,115.590000
Nepal,NPL,2018,Permanent cropland (% of land area),AG.LND.CROP.ZS,0.955821
Nepal,NPL,2018,Rural population (% of total population),SP.RUR.TOTL.ZS,80.260000
Nepal,NPL,2018,Rural population growth (annual %),SP.RUR.TOTL.ZG,-0.258102
Nepal,NPL,2018,Surface area (sq. km),AG.SRF.TOTL.K2,147180.000000
Nepal,NPL,2019,Agricultural land (% of land area),AG.LND.AGRI.ZS,26.774885
Nepal,NPL,2019,Agricultural land (sq. km),AG.LND.AGRI.K2,41210.000000
Nepal,NPL,2019,Agricultural raw materials exports (% of merchandise exports),TX.VAL.AGRI.ZS.UN,1.910097
Nepal,NPL,2019,Agricultural raw materials imports (% of merchandise imports),TM.VAL.AGRI.ZS.UN,1.246281
Nepal,NPL,2019,"Agriculture, forestry, and fishing, value added (% of GDP)",NV.AGR.TOTL.ZS,21.583373
Nepal,NPL,2019,"Annual freshwater withdrawals, agriculture (% of total freshwater withdrawal)",ER.H2O.FWAG.ZS,98.135220
Nepal,NPL,2019,Arable land (% of land area),AG.LND.ARBL.ZS,13.266005
Nepal,NPL,2019,Arable land (hectares per person),AG.LND.ARBL.HA.PC,0.074389
Nepal,NPL,2019,Average precipitation in depth (mm per year),AG.LND.PRCP.MM,1500.000000
Nepal,NPL,2019,Cereal yield (kg per hectare),AG.YLD.CREL.KG,3106.000000
Nepal,NPL,2019,Crop production index (2014-2016 = 100),AG.PRD.CROP.XD,111.280000
Nepal,NPL,2019,Employment in agriculture (% of total employment) (modeled ILO estimate),SL.AGR.EMPL.ZS,62.150862
Nepal,NPL,2019,"Employment in agriculture, female (% of female employment) (modeled ILO estimate)",SL.AGR.EMPL.FE.ZS,74.510677
Nepal,NPL,2019,"Employment in agriculture, male (% of male employment) (modeled ILO estimate)",SL.AGR.EMPL.MA.ZS,55.024654
Nepal,NPL,2019,Fertilizer consumption (kilograms per hectare of arable land),AG.CON.FERT.ZS,97.005587
Nepal,NPL,2019,Food production index (2014-2016 = 100),AG.PRD.FOOD.XD,113.440000
Nepal,NPL,2019,Forest area (% of land area),AG.LND.FRST.ZS,41.590722
Nepal,NPL,2019,Forest area (sq. km),AG.LND.FRST.K2,59620.300000
Nepal,NPL,2019,Land area (sq. km),AG.LND.TOTL.K2,143350.000000
Nepal,NPL,2019,Livestock production index (2014-2016 = 100),AG.PRD.LVSK.XD,120.380000
Nepal,NPL,2019,Permanent cropland (% of land area),AG.LND.CROP.ZS,0.984988
Nepal,NPL,2019,Rural population (% of total population),SP.RUR.TOTL.ZS,79.847000
Nepal,NPL,2019,Rural population growth (annual %),SP.RUR.TOTL.ZG,0.667870
Nepal,NPL,2019,Surface area (sq. km),AG.SRF.TOTL.K2,147180.000000
Nepal,NPL,2020,Agricultural land (% of land area),AG.LND.AGRI.ZS,26.501101
Nepal,NPL,2020,Agricultural land (sq. km),AG.LND.AGRI.K2,41210.000000
Nepal,NPL,2020,Agricultural raw materials exports (% of merchandise exports),TX.VAL.AGRI.ZS.UN,1.929596
Nepal,NPL,2020,Agricultural raw materials imports (% of merchandise imports),TM.VAL.AGRI.ZS.UN,1.174008
Nepal,NPL,2020,"Agriculture, forestry, and fishing, value added (% of GDP)",NV.AGR.TOTL.ZS,22.180090
Nepal,NPL,2020,"Annual freshwater withdrawals, agriculture (% of total freshwater withdrawal)",ER.H2O.FWAG.ZS,98.135220
Nepal,NPL,2020,Arable land (% of land area),AG.LND.ARBL.ZS,13.038399
Nepal,NPL,2020,Arable land (hectares per person),AG.LND.ARBL.HA.PC,0.072970
Nepal,NPL,2020,Average precipitation in depth (mm per year),AG.LND.PRCP.MM,1500.000000
Nepal,NPL,2020,Cereal yield (kg per hectare),AG.YLD.CREL.KG,3203.300000
Nepal,NPL,2020,Crop production index (2014-2016 = 100),AG.PRD.CROP.XD,113.730000
Nepal,NPL,2020,Employment in agriculture (% of total employment) (modeled ILO estimate),SL.AGR.EMPL.ZS,62.070349
Nepal,NPL,2020,"Employment in agriculture, female (% of female employment) (modeled ILO estimate)",SL.AGR.EMPL.FE.ZS,74.208860
Nepal,NPL,2020,"Employment in agriculture, male (% of male employment) (modeled ILO estimate)",SL.AGR.EMPL.MA.ZS,55.169430
Nepal,NPL,2020,Fertilizer consumption (kilograms per hectare of arable land),AG.CON.FERT.ZS,115.325540
Nepal,NPL,2020,Food production index (2014-2016 = 100),AG.PRD.FOOD.XD,120.460000
Nepal,NPL,2020,Forest area (% of land area),AG.LND.FRST.ZS,41.590722
Nepal,NPL,2020,Forest area (sq. km),AG.LND.FRST.K2,59620.300000
Nepal,NPL,2020,Land area (sq. km),AG.LND.TOTL.K2,143350.000000
Nepal,NPL,2020,Livestock production index (2014-2016 = 100),AG.PRD.LVSK.XD,142.460000
Nepal,NPL,2020,Permanent cropland (% of land area),AG.LND.CROP.ZS,0.938809
Nepal,NPL,2020,Rural population (% of total population),SP.RUR.TOTL.ZS,79.424000
Nepal,NPL,2020,Rural population growth (annual %),SP.RUR.TOTL.ZG,1.394659
Nepal,NPL,2020,Surface area (sq. km),AG.SRF.TOTL.K2,147180.000000
Nepal,NPL,2021,Agricultural land (% of land area),AG.LND.AGRI.ZS,26.319905
Nepal,NPL,2021,Agricultural land (sq. km),AG.LND.AGRI.K2,41210.000000
Nepal,NPL,2021,Agricultural raw materials exports (% of merchandise exports),TX.VAL.AGRI.ZS.UN,0.989792
Nepal,NPL,2021,Agricultural raw materials imports (% of merchandise imports),TM.VAL.AGRI.ZS.UN,1.170998
Nepal,NPL,2021,"Agriculture, forestry, and fishing, value added (% of GDP)",NV.AGR.TOTL.ZS,22.021452
Nepal,NPL,2021,"Annual freshwater withdrawals, agriculture (% of total freshwater withdrawal)",ER.H2O.FWAG.ZS,98.135220
Nepal,NPL,2021,Arable land (% of land area),AG.LND.ARBL.ZS,12.810794
Nepal,NPL,2021,Arable land (hectares per person),AG.LND.ARBL.HA.PC,0.071712
Nepal,NPL,2021,Average precipitation in depth (mm per year),AG.LND.PRCP.MM,1500.000000
Nepal,NPL,2021,Cereal yield (kg per hectare),AG.YLD.CREL.KG,3063.200000
Nepal,NPL,2021,Crop production index (2014-2016 = 100),AG.PRD.CROP.XD,112.820000
Nepal,NPL,2021,Employment in agriculture (% of total employment) (modeled ILO estimate),SL.AGR.EMPL.ZS,61.983104
Nepal,NPL,2021,"Employment in agriculture, female (% of female employment) (modeled ILO estimate)",SL.AGR.EMPL.FE.ZS,74.406502
Nepal,NPL,2021,"Employment in agriculture, male (% of male employment) (modeled ILO estimate)",SL.AGR.EMPL.MA.ZS,55.007455
Nepal,NPL,2021,Fertilizer consumption (kilograms per hectare of arable land),AG.CON.FERT.ZS,112.610654
Nepal,NPL,2021,Food production index (2014-2016 = 100),AG.PRD.FOOD.XD,119.690000
Nepal,NPL,2021,Forest area (% of land area),AG.LND.FRST.ZS,41.590722
Nepal,NPL,2021,Forest area (sq. km),AG.LND.FRST.K2,59620.300000
Nepal,NPL,2021,Land area (sq. km),AG.LND.TOTL.K2,143350.000000
Nepal,NPL,2021,Livestock production index (2014-2016 = 100),AG.PRD.LVSK.XD,142.150000
Nepal,NPL,2021,Permanent cropland (% of land area),AG.LND.CROP.ZS,0.985219
Nepal,NPL,2021,Rural population (% of total population),SP.RUR.TOTL.ZS,78.992000
Nepal,NPL,2021,Rural population growth (annual %),SP.RUR.TOTL.ZG,1.194623
Nepal,NPL,2021,Surface area (sq. km),AG.SRF.TOTL.K2,147180.000000
Nepal,NPL,2022,"Access to electricity, rural (% of rural population)",EG.ELC.ACCS.RU.ZS,93.700000
Nepal,NPL,2022,Agricultural land (% of land area),AG.LND.AGRI.ZS,26.121381
Nepal,NPL,2022,Agricultural raw materials exports (% of merchandise exports),TX.VAL.AGRI.ZS.UN,1.626948
Nepal,NPL,2022,Agricultural raw materials imports (% of merchandise imports),TM.VAL.AGRI.ZS.UN,1.292798
Nepal,NPL,2022,"Agriculture, forestry, and fishing, value added (% of GDP)",NV.AGR.TOTL.ZS,20.914370
Nepal,NPL,2022,Arable land (% of land area),AG.LND.ARBL.ZS,12.583188
Nepal,NPL,2022,Cereal yield (kg per hectare),AG.YLD.CREL.KG,3218.500000
Nepal,NPL,2022,Crop production index (2014-2016 = 100),AG.PRD.CROP.XD,116.660000
Nepal,NPL,2022,Employment in agriculture (% of total employment) (modeled ILO estimate),SL.AGR.EMPL.ZS,61.542672
Nepal,NPL,2022,"Employment in agriculture, female (% of female employment) (modeled ILO estimate)",SL.AGR.EMPL.FE.ZS,74.018940
Nepal,NPL,2022,"Employment in agriculture, male (% of male employment) (modeled ILO estimate)",SL.AGR.EMPL.MA.ZS,54.514114
Nepal,NPL,2022,Fertilizer consumption (kilograms per hectare of arable land),AG.CON.FERT.ZS,67.843176
Nepal,NPL,2022,Food production index (2014-2016 = 100),AG.PRD.FOOD.XD,123.180000
Nepal,NPL,2022,Forest area (% of land area),AG.LND.FRST.ZS,41.590722
Nepal,NPL,2022,Forest area (sq. km),AG.LND.FRST.K2,59620.300000
Nepal,NPL,2022,Land area (sq. km),AG.LND.TOTL.K2,143350.000000
Nepal,NPL,2022,Livestock production index (2014-2016 = 100),AG.PRD.LVSK.XD,144.450000
Nepal,NPL,2022,Permanent cropland (% of land area),AG.LND.CROP.ZS,1.011510
Nepal,NPL,2022,Rural population (% of total population),SP.RUR.TOTL.ZS,78.549000
Nepal,NPL,2022,Rural population growth (annual %),SP.RUR.TOTL.ZG,0.249991
Nepal,NPL,2022,Surface area (sq. km),AG.SRF.TOTL.K2,147180.000000
Nepal,NPL,2023,"Access to electricity, rural (% of rural population)",EG.ELC.ACCS.RU.ZS,93.400000
Nepal,NPL,2023,"Agriculture, forestry, and fishing, value added (% of GDP)",NV.AGR.TOTL.ZS,21.189551
Nepal,NPL,2023,Employment in agriculture (% of total employment) (modeled ILO estimate),SL.AGR.EMPL.ZS,61.205299
Nepal,NPL,2023,"Employment in agriculture, female (% of female employment) (modeled ILO estimate)",SL.AGR.EMPL.FE.ZS,73.471720
Nepal,NPL,2023,"Employment in agriculture, male (% of male employment) (modeled ILO estimate)",SL.AGR.EMPL.MA.ZS,54.224940
Nepal,NPL,2023,Rural population (% of total population),SP.RUR.TOTL.ZS,78.097000
Nepal,NPL,2023,Rural population growth (annual %),SP.RUR.TOTL.ZG,-0.647194
